name,company,year,kms_driven,fuel_type,Price
Mahindra Scorpio S10,Mahindra,2015,97200,Diesel,900000
Mahindra Jeep MM,Mahindra,2004,383,Diesel,424000
Ford EcoSport Titanium,Ford,2014,57000,Diesel,520000
Tata Tiago Revotron,Tata,2017,31000,Petrol,400000
Mahindra Quanto C8,Mahindra,2013,20000,Diesel,375000
Ford EcoSport,Ford,2017,39000,Petrol,489999
Audi A4 2.0,Audi,2016,44000,Diesel,1900000
Maruti Suzuki Wagon,Maruti,2004,69000,Petrol,53000
Honda City,Honda,2015,30000,Diesel,599999
Mahindra Scorpio VLX,Mahindra,2013,35000,Diesel,610000
Maruti Suzuki Dzire,Maruti,2014,55000,Diesel,424999
Chevrolet Beat LS,Chevrolet,2014,31000,Diesel,189000
Maruti Suzuki Alto,Maruti,2011,41000,Petrol,145000
Tata Indica V2,Tata,2006,20000,Petrol,90000
Maruti Suzuki Dzire,Maruti,2014,33000,Petrol,374999
Maruti Suzuki Swift,Maruti,2013,45000,Diesel,324999
Maruti Suzuki Swift,Maruti,2015,55000,Petrol,250000
Maruti Suzuki Swift,Maruti,2017,30874,Petrol,220000
Honda City SV,Honda,2017,4000,Petrol,760000
Hyundai Elantra 1.8,Hyundai,2012,65000,Petrol,500000
Maruti Suzuki Zen,Maruti,2001,40000,Petrol,40000
Maruti Suzuki Ritz,Maruti,2010,38000,Diesel,150000
Maruti Suzuki Ertiga,Maruti,2013,90000,Diesel,450000
Mahindra Bolero SLE,Mahindra,2013,80200,Diesel,330000
Mercedes Benz C,Mercedes,2009,76000,Diesel,1225000
Mahindra Scorpio,Mahindra,2011,60123,Diesel,475000
Tata Indigo eCS,Tata,2017,130000,Diesel,200000
Maruti Suzuki Omni,Maruti,2012,160000,LPG,120000
Jeep Wrangler Unlimited,Jeep,2015,3528,Diesel,950000
Nissan Sunny XL,Nissan,2011,52000,Petrol,230000
Honda Jazz VX,Honda,2016,41000,Petrol,450000
Hyundai Xcent Base,Hyundai,2016,140000,Diesel,300000
Chevrolet Spark 1.0,Chevrolet,2011,27000,Petrol,100000
Hyundai Verna 1.6,Hyundai,2012,29000,Diesel,600000
Mahindra KUV100 K8,Mahindra,2016,20000,Diesel,400000
Maruti Suzuki Alto,Maruti,2005,65000,Petrol,95000
Hyundai Accent GLE,Hyundai,2006,55000,Petrol,90000
Hyundai Eon Magna,Hyundai,2017,1600,Petrol,300000
BMW 3 Series,BMW,2011,60500,Petrol,600000
Hyundai Accent Executive,Hyundai,2009,48000,Petrol,165000
Fiat Petra ELX,Fiat,2008,65000,Petrol,75000
Hyundai i20 Magna,Hyundai,2010,36000,Petrol,195000
Mahindra XUV500 W10,Mahindra,2018,40000,Diesel,1299000
Mahindra Scorpio W,Mahindra,2012,65000,Diesel,165000
Hyundai i20 Sportz,Hyundai,2014,60000,Diesel,370000
Honda City,Honda,2015,54000,Petrol,448999
Maruti Suzuki Swift,Maruti,2019,73,Petrol,610000
Hyundai i20 Asta,Hyundai,2009,65480,Petrol,210000
Honda City,Honda,2015,55000,Petrol,499999
Mini Cooper S,Mini,2013,13000,Petrol,1891111
Volkswagen Polo,Volkswagen,2015,38000,Diesel,330000
Hyundai i10 Magna,Hyundai,2011,45000,Petrol,175000
Toyota Innova 2.5,Toyota,2011,75000,Diesel,750000
Hyundai Grand i10,Hyundai,2017,6821,Petrol,524999
Toyota Corolla Altis,Toyota,2010,70000,Petrol,289999
Volkswagen Vento Highline,Volkswagen,2019,3600,Diesel,1200000
Toyota Corolla Altis,Toyota,2015,42000,Petrol,575000
Tata Indigo CS,Tata,2011,11400,Diesel,85000
Maruti Suzuki Swift,Maruti,2014,35522,Diesel,385000
Maruti Suzuki Alto,Maruti,2014,37000,Petrol,199000
Maruti Suzuki Wagon,Maruti,2011,35000,Petrol,210000
Hyundai i10,Hyundai,2012,38000,Petrol,244999
Hyundai i20 Asta,Hyundai,2010,10750,Petrol,300000
Audi A4 2.0,Audi,2012,40000,Diesel,1350000
Toyota Corolla Altis,Toyota,2012,59000,Petrol,349999
Audi Q3 2.0,Audi,2013,37000,Diesel,1499000
Skoda Laura,Skoda,2013,50000,Diesel,374999
Volkswagen Polo,Volkswagen,2014,32000,Petrol,274999
Maruti Suzuki Wagon,Maruti,2016,35500,Diesel,225000
Ford EcoSport Ambiente,Ford,2016,24530,Diesel,830000
Hyundai Verna Fluidic,Hyundai,2015,73000,Diesel,430000
Mahindra XUV500 W8,Mahindra,2012,100000,Diesel,560000
Honda City,Honda,2015,39000,Diesel,599999
Volkswagen Vento Comfortline,Volkswagen,2011,45933,Petrol,240000
Honda Amaze,Honda,2015,22000,Petrol,344999
Maruti Suzuki Alto,Maruti,2009,62000,Petrol,90000
BMW 5 Series,BMW,2011,49000,Diesel,1299000
Mercedes Benz C,Mercedes,2002,41000,Petrol,399000
Hyundai Elite i20,Hyundai,2018,21000,Petrol,599999
Honda City,Honda,2011,55000,Petrol,284999
Honda City,Honda,2012,45000,Petrol,399999
Mahindra Thar CRDe,Mahindra,2016,29000,Diesel,730000
Maruti Suzuki Ertiga,Maruti,2018,9000,Diesel,799999
Skoda Superb 1.8,Skoda,2011,68000,Petrol,530000
Maruti Suzuki Swift,Maruti,2013,41000,Petrol,340000
Chevrolet Beat LT,Chevrolet,2012,36000,Petrol,135000
Honda Amaze,Honda,2014,35000,Petrol,274999
Toyota Corolla H2,Toyota,2003,100000,Petrol,150000
Mahindra Xylo E8,Mahindra,2010,40000,Diesel,375000
Tata Zest XM,Tata,2018,27000,Diesel,260000
Maruti Suzuki Dzire,Maruti,2013,46000,Diesel,349999
Datsun Go Plus,Datsun,2016,13900,Petrol,285000
Hyundai i20 Asta,Hyundai,2012,36200,Diesel,329500
Renault Duster 110PS,Renault,2012,35000,Diesel,501000
Honda City ZX,Honda,2017,15000,Diesel,170000
Renault Duster 85,Renault,2015,19000,Diesel,549999
Chevrolet Spark LT,Chevrolet,2009,44000,Petrol,110000
Tata Indigo CS,Tata,2016,104000,Diesel,150000
Maruti Suzuki Alto,Maruti,2017,72000,Petrol,190000
Mahindra Scorpio VLX,Mahindra,2004,160000,Diesel,230000
Maruti Suzuki Alto,Maruti,2010,22134,Petrol,99000
Tata Manza ELAN,Tata,2010,111111,Petrol,155555
Maruti Suzuki Swift,Maruti,2017,15487,Petrol,180000
Toyota Corolla Altis,Toyota,2014,29000,Petrol,790000
Hyundai Elite i20,Hyundai,2017,31000,Petrol,599999
Renault Duster 85,Renault,2014,59000,Diesel,489999
Tata Bolt XM,Tata,2015,15000,Petrol,600000
Tata Sumo Gold,Tata,2012,75000,Diesel,210000
Hyundai Accent,Hyundai,2010,45000,Petrol,99999
Maruti Suzuki Alto,Maruti,2017,21000,Petrol,270000
Mahindra Scorpio S10,Mahindra,2016,43000,Diesel,350000
Mahindra Scorpio SLX,Mahindra,2008,70000,Diesel,300000
Skoda Octavia Classic,Skoda,2006,65000,Diesel,114990
Hyundai i20 Magna,Hyundai,2009,32000,Petrol,195000
Ford EcoSport Ambiente,Ford,2016,24530,Diesel,830000
Maruti Suzuki Swift,Maruti,2015,22000,Petrol,475000
Maruti Suzuki Dzire,Maruti,2012,40000,Petrol,299999
Hyundai Elite i20,Hyundai,2018,7800,Petrol,600000
Maruti Suzuki Dzire,Maruti,2017,80000,Diesel,488000
Skoda Fabia 1.2L,Skoda,2011,38200,Diesel,159500
Tata Indica eV2,Tata,2015,60105,Diesel,140000
Maruti Suzuki Wagon,Maruti,2014,37458,Petrol,130000
Mercedes Benz GLA,Mercedes,2015,20000,Diesel,2000000
Mahindra TUV300 T4,Mahindra,2016,35000,Diesel,540000
Chevrolet Beat PS,Chevrolet,2012,65422,Diesel,215000
Hyundai Elantra SX,Hyundai,2013,20000,Petrol,600000
Hyundai i20,Hyundai,2014,23000,Petrol,449999
Maruti Suzuki Wagon,Maruti,2008,68000,Petrol,140000
Mahindra Scorpio SLX,Mahindra,2008,80000,Diesel,285000
Honda City,Honda,2014,45000,Diesel,544999
Maruti Suzuki Zen,Maruti,2004,100000,Petrol,70000
Toyota Fortuner 3.0,Toyota,2010,131000,Diesel,940000
Mahindra Scorpio VLX,Mahindra,2014,50000,Diesel,699000
Maruti Suzuki Esteem,Maruti,2006,45000,Petrol,95000
Tata Indica V2,Tata,2005,150000,Diesel,35000
Ford Fusion 1.4,Ford,2007,85455,Diesel,125000
Honda Amaze,Honda,2015,22000,Petrol,344999
Mahindra Scorpio Vlx,Mahindra,2013,75000,Diesel,690000
Toyota Corolla Altis,Toyota,2010,55000,Petrol,185000
Maruti Suzuki Ertiga,Maruti,2013,42000,Diesel,485000
Maruti Suzuki Dzire,Maruti,2009,46000,Petrol,220000
Mahindra Quanto C4,Mahindra,2013,63000,Diesel,325000
Toyota Etios GD,Toyota,2013,60000,Diesel,350000
Ford EcoSport Titanium,Ford,2014,40000,Diesel,500000
Skoda Fabia 1.2L,Skoda,2011,45863,Diesel,155000
Mahindra Scorpio S10,Mahindra,2015,97200,Diesel,900000
Hyundai i10 Magna,Hyundai,2009,33000,Petrol,400000
Maruti Suzuki Dzire,Maruti,2009,42000,Petrol,210000
Maruti Suzuki Vitara,Maruti,2016,25000,Diesel,580000
Maruti Suzuki Ertiga,Maruti,2012,200000,Diesel,1000000
Renault Duster 85PS,Renault,2013,57923,Diesel,401919
Mahindra Scorpio SLE,Mahindra,2015,48660,Diesel,320000
Maruti Suzuki Zen,Maruti,2003,69900,Petrol,85000
Honda Amaze 1.5,Honda,2015,36000,Diesel,345000
Honda Amaze,Honda,2013,46000,Diesel,284999
Maruti Suzuki Swift,Maruti,2011,47000,Diesel,209000
Chevrolet Tavera LS,Chevrolet,2005,68485,Diesel,130000
Hyundai i20 Magna,Hyundai,2011,42000,Petrol,240000
Mahindra XUV500 W6,Mahindra,2013,52800,Diesel,549900
Tata Indigo eCS,Tata,2016,175430,Diesel,320000
Force Motors One,Force,2013,140000,Diesel,550000
Toyota Etios Liva,Toyota,2014,24652,Petrol,160000
Hyundai i20,Hyundai,2009,31000,Petrol,199000
Hyundai Santro Xing,Hyundai,2006,60000,Petrol,85000
Tata Nano LX,Tata,2010,48008,Petrol,32000
Maruti Suzuki Dzire,Maruti,2009,46000,Petrol,220000
Mahindra Jeep CL550,Mahindra,2018,588,Diesel,385000
Maruti Suzuki Zen,Maruti,2008,23000,Petrol,135000
Audi Q7,Audi,2014,16934,Diesel,500000
Ford EcoSport Titanium,Ford,2014,36000,Diesel,575000
Maruti Suzuki Swift,Maruti,2015,42000,Diesel,425000
Maruti Suzuki Ritz,Maruti,2014,19000,Petrol,299999
Tata Indigo LX,Tata,2016,104000,Diesel,130000
Maruti Suzuki Swift,Maruti,2011,65,Petrol,230000
Hyundai i10 Sportz,Hyundai,2012,34000,Petrol,230000
Hyundai Eon Magna,Hyundai,2014,35000,Petrol,190000
Mahindra Bolero DI,Mahindra,2012,59466,Diesel,220000
Volkswagen Vento Konekt,Volkswagen,2011,65000,Diesel,245000
Mahindra Jeep MM,Mahindra,2019,60,Diesel,390000
Renault Duster 110,Renault,2012,38000,Diesel,501000
Hyundai Getz,Hyundai,2006,80000,Petrol,125000
Maruti Suzuki Stingray,Maruti,2015,30000,Petrol,315000
Maruti Suzuki Eeco,Maruti,2015,9300,Petrol,255000
Hyundai i20 Sportz,Hyundai,2012,55000,Petrol,100000
Mitsubishi Pajero Sport,Mitsubishi,2015,47000,Diesel,1475000
Mahindra Scorpio SLX,Mahindra,2004,60000,Diesel,175000
Hyundai Santro Xing,Hyundai,2007,47000,Petrol,135000
Hyundai i20 Select,Hyundai,2011,40000,Petrol,290000
Maruti Suzuki Ertiga,Maruti,2015,75000,Petrol,550000
Datsun Redi GO,Datsun,2017,22000,Petrol,244999
Maruti Suzuki Swift,Maruti,2015,43000,Diesel,475000
Mahindra Quanto C8,Mahindra,2013,20000,Diesel,375000
Audi A4 1.8,Audi,2009,47000,Petrol,699000
Ford Figo Diesel,Ford,2012,35000,Diesel,210000
Maruti Suzuki Alto,Maruti,2015,5000,Petrol,230000
Hyundai i10 Magna,Hyundai,2008,100200,Petrol,275000
Maruti Suzuki Baleno,Maruti,2016,40000,Petrol,425000
Hyundai Accent GLX,Hyundai,2006,56000,Petrol,80000
Hyundai Santro Xing,Hyundai,2005,7500,Petrol,49000
Tata Indigo eCS,Tata,2016,104000,Diesel,160000
Chevrolet Spark LS,Chevrolet,2010,23000,Petrol,95000
Datsun Redi GO,Datsun,2016,7000,Petrol,245000
Renault Duster,Renault,2014,50000,Diesel,449999
Tata Tigor Revotron,Tata,2019,100,Diesel,650000
Ford Fiesta SXi,Ford,2009,56400,Petrol,250000
Hyundai Fluidic Verna,Hyundai,2015,38000,Diesel,540000
Renault Duster 110PS,Renault,2012,35000,Diesel,501000
Hyundai Getz Prime,Hyundai,2009,20000,Petrol,115000
Hyundai Creta 1.6,Hyundai,2017,32000,Petrol,895000
Renault Scala RxL,Renault,2014,49000,Diesel,349999
Maruti Suzuki Wagon,Maruti,2003,133000,Petrol,130000
Honda Amaze,Honda,2015,22000,Petrol,344999
Hyundai Elite i20,Hyundai,2014,32000,Petrol,415000
Maruti Suzuki Swift,Maruti,2014,120000,Diesel,260000
Maruti Suzuki Dzire,Maruti,2015,104000,Diesel,450000
Honda Amaze 1.5,Honda,2013,45000,Diesel,299000
Honda WR V,Honda,2009,60000,Petrol,250000
Mini Cooper S,Mini,2013,13000,Petrol,1891111
Force Motors Force,Force,2015,3200,Diesel,580000
Hyundai Santro Xing,Hyundai,2007,45000,Petrol,80000
Mercedes Benz C,Mercedes,2006,15000,Petrol,500001
Hyundai Grand i10,Hyundai,2017,15141,Petrol,450000
Hyundai Eon,Hyundai,2014,28000,Petrol,200000
Mahindra Logan,Mahindra,2009,65000,Diesel,130000
Chevrolet Beat LS,Chevrolet,2010,56000,Petrol,80000
Honda City SV,Honda,2014,34000,Diesel,475000
Maruti Suzuki Swift,Maruti,2013,13349,Petrol,372000
Datsun GO T,Datsun,2016,7000,Petrol,245000
Hyundai i20 Magna,Hyundai,2010,50000,Petrol,210000
Maruti Suzuki Wagon,Maruti,2018,25500,Petrol,395000
Hyundai Eon Era,Hyundai,2018,2110,Petrol,140000
Chevrolet Beat LS,Chevrolet,2010,43000,Petrol,120000
Mahindra Scorpio,Mahindra,2013,68000,Diesel,574999
Maruti Suzuki 800,Maruti,2000,33400,Petrol,30000
Nissan Sunny,Nissan,2012,45000,Petrol,224999
Chevrolet Beat Diesel,Chevrolet,2011,56000,Diesel,125000
Maruti Suzuki Alto,Maruti,2010,55000,Petrol,110000
Maruti Suzuki Swift,Maruti,2009,90000,Diesel,120000
Hyundai Grand i10,Hyundai,2014,25000,Petrol,340000
Chevrolet Beat Diesel,Chevrolet,2017,62000,Diesel,150000
Maruti Suzuki Maruti,Maruti,2003,56758,Petrol,57000
Volkswagen Vento Comfortline,Volkswagen,2011,95000,Diesel,200000
Skoda Laura,Skoda,2012,44000,Diesel,349999
Maruti Suzuki Dzire,Maruti,2015,45000,Diesel,444999
Maruti Suzuki Zen,Maruti,2004,56000,Petrol,68000
Maruti Suzuki SX4,Maruti,2010,36000,Petrol,249999
Honda City 1.5,Honda,2010,400000,Petrol,240000
Hyundai Verna 1.4,Hyundai,2014,36000,Petrol,375000
Chevrolet Cruze LTZ,Chevrolet,2014,41000,Diesel,400000
Mini Cooper S,Mini,2013,13500,Petrol,1891111
Maruti Suzuki Alto,Maruti,2013,39000,Petrol,125000
Mahindra Quanto C8,Mahindra,2013,40000,Diesel,390000
Maruti Suzuki Swift,Maruti,2009,51000,Diesel,250000
Honda Amaze 1.2,Honda,2014,42000,Petrol,325000
Hyundai Eon,Hyundai,2013,25000,Petrol,190000
Volkswagen Polo Trendline,Volkswagen,2015,25000,Diesel,350000
Tata Indigo CS,Tata,2015,100000,Diesel,123000
Maruti Suzuki Swift,Maruti,2013,13349,Petrol,372000
Jaguar XE XE,Jaguar,2016,8500,Petrol,2800000
Maruti Suzuki Alto,Maruti,2015,14000,Petrol,265000
Maruti Suzuki Swift,Maruti,2011,64000,Petrol,255000
Maruti Suzuki Alto,Maruti,2015,50000,Petrol,215000
Hyundai Fluidic Verna,Hyundai,2015,38000,Diesel,540000
Honda Mobilio,Honda,2014,44000,Petrol,399999
Maruti Suzuki Swift,Maruti,2010,74000,Diesel,190000
Tata Nano Lx,Tata,2010,9000,Petrol,52000
Maruti Suzuki Wagon,Maruti,2006,7000,Petrol,100000
Renault Duster,Renault,2014,50000,Diesel,474999
Maruti Suzuki Alto,Maruti,2018,7500,Petrol,200000
Maruti Suzuki Omni,Maruti,2000,60000,Petrol,35999
Tata Indica eV2,Tata,2012,55000,Diesel,85000
Maruti Suzuki Ciaz,Maruti,2016,3350,Petrol,700000
Maruti Suzuki Swift,Maruti,2014,44000,Petrol,315000
Mahindra Scorpio S10,Mahindra,2015,48508,Diesel,250000
Maruti Suzuki Wagon,Maruti,2014,18500,Petrol,250000
Maruti Suzuki Dzire,Maruti,2016,2500,Diesel,450000
Honda Brio VX,Honda,2017,11000,Petrol,450000
Hyundai Elite i20,Hyundai,2016,9000,Petrol,549999
Mahindra XUV500,Mahindra,2016,72000,Diesel,1130000
Maruti Suzuki Alto,Maruti,2005,47000,Petrol,70000
Renault Duster,Renault,2014,50000,Diesel,449999
Honda City 1.5,Honda,2010,70000,Petrol,225000
Mahindra Scorpio,Mahindra,2015,22000,Diesel,984999
Hyundai Creta 1.6,Hyundai,2016,25000,Petrol,950000
Renault Duster 85,Renault,2013,27000,Diesel,489999
Volkswagen Polo,Volkswagen,2010,60000,Diesel,199999
Mahindra Scorpio S10,Mahindra,2016,39522,Diesel,310000
Ford Fiesta,Ford,2011,55000,Diesel,274999
Ford EcoSport Trend,Ford,2014,16000,Petrol,400000
Hyundai Verna Fluidic,Hyundai,2012,40000,Diesel,444999
Maruti Suzuki Alto,Maruti,2017,60000,Petrol,240000
Maruti Suzuki Swift,Maruti,2008,60000,Diesel,162000
Hyundai Santro Xing,Hyundai,2007,45000,Petrol,80000
Maruti Suzuki Swift,Maruti,2015,129000,Diesel,220000
Nissan X Trail,Nissan,2019,300,Diesel,1200000
Toyota Corolla Altis,Toyota,2009,65000,Petrol,199999
Tata Indigo eCS,Tata,2014,40000,Diesel,250000
Maruti Suzuki Vitara,Maruti,2016,15975,Diesel,290000
BMW X1 sDrive20d,BMW,2012,41000,Diesel,1025000
Mahindra Scorpio S10,Mahindra,2015,97200,Diesel,900000
Renault Duster 85,Renault,2013,27000,Diesel,489999
Maruti Suzuki Wagon,Maruti,2012,44000,Petrol,199999
Hyundai Eon Sportz,Hyundai,2012,30000,Petrol,178000
Honda Amaze,Honda,2014,37000,Petrol,299999
Hyundai Eon D,Hyundai,2018,35000,Petrol,280000
Tata Indigo LS,Tata,2016,70000,Diesel,125000
Tata Zest Quadrajet,Tata,2017,90000,Diesel,180000
Hyundai Grand i10,Hyundai,2014,41000,Petrol,410000
Hyundai Verna Fluidic,Hyundai,2011,43000,Diesel,365000
Maruti Suzuki Swift,Maruti,2010,38500,Diesel,189500
Maruti Suzuki Alto,Maruti,2015,38000,Petrol,220000
Mahindra Scorpio S10,Mahindra,2015,97200,Diesel,900000
Tata Manza Aqua,Tata,2014,200000,Diesel,160000
Toyota Etios Liva,Toyota,2011,41000,Petrol,239999
Mahindra Logan Diesel,Mahindra,2009,66000,Petrol,130000
Mini Cooper S,Mini,2013,13000,Petrol,1891111
Maruti Suzuki Ritz,Maruti,2014,19000,Petrol,299999
Hyundai Creta,Hyundai,2016,60000,Diesel,900000
Honda Amaze,Honda,2013,46000,Diesel,284999
Maruti Suzuki Alto,Maruti,2015,12000,Petrol,265000
Tata Indica eV2,Tata,2016,91200,Diesel,50500
Maruti Suzuki Wagon,Maruti,2013,29685,Petrol,85000
Tata Sumo Gold,Tata,2013,100000,Petrol,215000
Audi A4 1.8,Audi,2009,47000,Petrol,699000
Fiat Petra ELX,Fiat,2008,65000,Petrol,75000
Maruti Suzuki Alto,Maruti,2014,35550,Petrol,160000
Chevrolet Beat,Chevrolet,2015,30000,Petrol,150000
Tata Manza Aura,Tata,2012,72000,Diesel,130000
Maruti Suzuki Esteem,Maruti,2007,51000,Petrol,69999
BMW 5 Series,BMW,2009,37518,Petrol,650000
Maruti Suzuki Swift,Maruti,2007,62000,Petrol,130000
Mahindra XUV500 W10,Mahindra,2016,41000,Diesel,1065000
Maruti Suzuki Vitara,Maruti,2017,36000,Diesel,725000
Chevrolet Sail 1.2,Chevrolet,2013,28000,Petrol,300000
Mahindra Scorpio SLE,Mahindra,2012,62000,Diesel,565000
Maruti Suzuki Ritz,Maruti,2013,33000,Diesel,399999
Maruti Suzuki Dzire,Maruti,2013,35000,Petrol,380000
Hindustan Motors Ambassador,Hindustan,1995,37000,Petrol,750000
Audi A6 2.0,Audi,2012,11500,Diesel,1599000
Maruti Suzuki Swift,Maruti,2014,35000,Petrol,390000
Mahindra Quanto C8,Mahindra,2013,37000,Diesel,340000
Mahindra Scorpio 2.6,Mahindra,2007,170000,Diesel,220000
Tata Zest XE,Tata,2018,102563,Diesel,450000
Mahindra Scorpio 2.6,Mahindra,2007,56000,Diesel,260000
Tata Indica V2,Tata,2005,80000,Diesel,60000
Renault Duster 110,Renault,2013,39000,Diesel,435000
Renault Duster 85,Renault,2015,51000,Diesel,385000
Ford EcoSport Titanium,Ford,2014,34000,Diesel,590000
Chevrolet Cruze LTZ,Chevrolet,2011,35000,Diesel,350000
Chevrolet Tavera Neo,Chevrolet,2007,100800,Diesel,465000
Datsun Redi GO,Datsun,2017,16000,Petrol,235000
Maruti Suzuki Swift,Maruti,2009,90000,Diesel,120000
Toyota Etios GD,Toyota,2013,24800,Petrol,275000
Maruti Suzuki Ciaz,Maruti,2016,50000,Petrol,650000
Honda Brio,Honda,2012,30000,Petrol,224999
Mahindra Scorpio S10,Mahindra,2016,43000,Diesel,350000
Maruti Suzuki Estilo,Maruti,2007,36000,Petrol,115000
Mahindra Bolero DI,Mahindra,2017,23452,Diesel,180000
Hyundai Getz Prime,Hyundai,2009,20000,Petrol,115000
Maruti Suzuki Wagon,Maruti,2009,35000,Petrol,160000
Maruti Suzuki Alto,Maruti,2017,9400,Petrol,360000
Maruti Suzuki Zen,Maruti,2003,53000,Petrol,99999
Ford EcoSport Titanium,Ford,2016,30000,Diesel,599000
Chevrolet Enjoy,Chevrolet,2014,30201,Diesel,490000
Renault Kwid RXT,Renault,2017,5000,Petrol,340000
Maruti Suzuki Alto,Maruti,2008,70000,Petrol,95000
Mahindra Scorpio S4,Mahindra,2015,30000,Diesel,865000
Maruti Suzuki Baleno,Maruti,2016,28000,Petrol,500000
Maruti Suzuki Alto,Maruti,2015,5000,Petrol,219000
Tata Indigo eCS,Tata,2016,175430,Diesel,320000
Renault Duster 110,Renault,2012,38000,Diesel,501000
Hyundai Santro AE,Hyundai,2003,70000,Petrol,60000
Toyota Etios,Toyota,2011,36000,Diesel,275000
Hyundai Verna 1.6,Hyundai,2016,56000,Diesel,195000
Hyundai Eon,Hyundai,2018,25000,Petrol,260000
Hyundai Creta 1.6,Hyundai,2019,0,Petrol,1200000
Maruti Suzuki Swift,Maruti,2012,48006,Diesel,280000
Tata Nano Cx,Tata,2013,2200,Petrol,40000
Hyundai Santro Xing,Hyundai,2009,43200,Petrol,88000
Honda City 1.5,Honda,2005,68000,Petrol,115000
Maruti Suzuki Maruti,Maruti,2001,75000,Petrol,40000
Toyota Etios G,Toyota,2013,42000,Petrol,265000
Maruti Suzuki Alto,Maruti,2016,2450,Petrol,250000
Tata Manza,Tata,2015,100000,Diesel,100000
Chevrolet Beat LT,Chevrolet,2012,38000,Diesel,98500
Tata Venture EX,Tata,2013,30000,Diesel,100000
Chevrolet Spark LT,Chevrolet,2010,45000,Petrol,85000
Tata Indica V2,Tata,2005,80000,Diesel,39999
Renault Kwid 1.0,Renault,2018,2137,Petrol,290000
Ford EcoSport Trend,Ford,2014,47000,Petrol,465000
Maruti Suzuki Ertiga,Maruti,2014,45000,Petrol,569999
Tata Aria Pleasure,Tata,2014,35000,Diesel,390000
Maruti Suzuki Swift,Maruti,2006,48247,Petrol,189700
Maruti Suzuki Ertiga,Maruti,2016,29000,Petrol,575000
Honda Amaze 1.5,Honda,2016,160000,Diesel,240000
Renault Kwid RXT,Renault,2015,43000,Petrol,270000
Hyundai i20 Sportz,Hyundai,2011,33333,Diesel,350000
Maruti Suzuki Wagon,Maruti,2013,39000,Petrol,105000
Maruti Suzuki Alto,Maruti,2018,3000,Petrol,310000
Honda Brio V,Honda,2012,33000,Petrol,235000
Mahindra KUV100 K8,Mahindra,2019,2875,Petrol,560000
Mahindra Jeep MM,Mahindra,2019,60,Diesel,390000
Mahindra XUV500 W8,Mahindra,2015,53000,Diesel,899000
BMW 3 Series,BMW,2011,35000,Diesel,1075000
Skoda Fabia Classic,Skoda,2010,60000,Petrol,182000
Hyundai Elite i20,Hyundai,2011,40000,Petrol,290000
Maruti Suzuki Baleno,Maruti,2017,32000,Diesel,549000
Honda City,Honda,2015,55000,Petrol,499999
Maruti Suzuki Eeco,Maruti,2015,55000,Petrol,251111
Honda City,Honda,2015,39000,Petrol,644999
Hyundai Eon Era,Hyundai,2013,39700,Petrol,190000
Maruti Suzuki Wagon,Maruti,2010,40000,Petrol,225000
Hyundai Verna 1.6,Hyundai,2018,42000,Diesel,855000
Ford Ikon 1.6,Ford,2003,50000,Petrol,60000
Nissan Terrano XL,Nissan,2015,60000,Diesel,499999
Maruti Suzuki Ertiga,Maruti,2015,50000,Diesel,524999
Chevrolet Beat LS,Chevrolet,2016,22000,Diesel,210000
Mahindra Scorpio VLX,Mahindra,2011,66000,Diesel,499999
Renault Duster,Renault,2014,7400,Diesel,800000
Hyundai Santro,Hyundai,2002,47000,Petrol,60000
Chevrolet Beat LS,Chevrolet,2016,95000,Diesel,225000
Honda City 1.5,Honda,2014,22000,Petrol,499000
Renault Duster,Renault,2013,41000,Diesel,399999
Renault Kwid,Renault,2016,11000,Petrol,244999
Toyota Innova 2.5,Toyota,2011,147000,Diesel,750000
Maruti Suzuki Alto,Maruti,2017,12500,Petrol,225000
Mahindra TUV300 T4,Mahindra,2016,29500,Diesel,540000
Mahindra XUV500,Mahindra,2015,15000,Diesel,1000000
Maruti Suzuki 800,Maruti,2001,81876,Petrol,55000
Hyundai Verna Fluidic,Hyundai,2013,45000,Diesel,401000
Maruti Suzuki Zen,Maruti,2000,60000,Petrol,55000
Maruti Suzuki Swift,Maruti,2007,70000,Petrol,125000
Hyundai Santro Xing,Hyundai,2007,46000,Petrol,115000
Honda Amaze,Honda,2015,22000,Petrol,344999
Maruti Suzuki Alto,Maruti,2019,1625,Petrol,425000
Maruti Suzuki Swift,Maruti,2006,45000,Petrol,135000
Mahindra Quanto C8,Mahindra,2013,37000,Diesel,340000
Honda Accord,Honda,2009,58559,Petrol,175000
Hyundai i20 Magna,Hyundai,2013,35000,Petrol,310000
Nissan Micra XV,Nissan,2011,41000,Petrol,179000
Mini Cooper S,Mini,2013,13000,Petrol,1891111
Renault Scala RxL,Renault,2015,25000,Diesel,375000
Ford Figo Petrol,Ford,2011,75000,Petrol,175000
Tata Sumo Gold,Tata,2013,50000,Diesel,300000
Ford EcoSport Trend,Ford,2013,38000,Diesel,495000
Ford Ikon 1.3,Ford,2008,46000,Petrol,95000
Honda City 1.5,Honda,2010,35000,Petrol,285000
Hyundai Grand i10,Hyundai,2014,35000,Petrol,340000
Maruti Suzuki Swift,Maruti,2009,59000,Petrol,210000
Maruti Suzuki Alto,Maruti,2016,38000,Petrol,270000
Tata Indigo eCS,Tata,2016,150000,Diesel,130000
Honda City VX,Honda,2016,52000,Diesel,519000
Mahindra Xylo E8,Mahindra,2011,43000,Diesel,365000
Hyundai Eon Era,Hyundai,2012,38000,Petrol,188000
Tata Nano,Tata,2013,7000,Petrol,60000
Hyundai Santro,Hyundai,2003,51000,Petrol,60000
Audi Q5 2.0,Audi,2014,34000,Diesel,2390000
Maruti Suzuki Omni,Maruti,2001,70000,Petrol,70000
Toyota Qualis,Toyota,2003,100000,Diesel,180000
Hyundai Verna Fluidic,Hyundai,2012,10000,Diesel,350000
Renault Kwid RXT,Renault,2018,15000,Petrol,325000
Tata Indigo CS,Tata,2016,85000,Diesel,110000
Hyundai Elite i20,Hyundai,2015,20000,Petrol,419000
Maruti Suzuki Estilo,Maruti,2013,65000,Petrol,180000
Maruti Suzuki Esteem,Maruti,2007,51000,Petrol,69999
Honda Amaze 1.2,Honda,2014,33000,Petrol,311000
Maruti Suzuki Omni,Maruti,2013,25000,Petrol,165000
Hyundai Elite i20,Hyundai,2015,22000,Petrol,500000
Maruti Suzuki Maruti,Maruti,1995,55000,Petrol,30000
Honda Amaze,Honda,2013,46000,Diesel,284999
Datsun Redi GO,Datsun,2018,7000,Petrol,299999
Mahindra XUV500,Mahindra,2013,80000,Diesel,689999
Ford Ikon 1.3,Ford,2001,65000,Petrol,45000
Hyundai Grand i10,Hyundai,2014,41000,Petrol,320000
Tata Vista Quadrajet,Tata,2011,90000,Diesel,120000
Maruti Suzuki Ritz,Maruti,2013,33000,Diesel,399999
Jaguar XF 2.2,Jaguar,2013,29000,Diesel,2190000
Maruti Suzuki S,Maruti,2016,21000,Diesel,615000
Skoda Fabia 1.2L,Skoda,2011,38200,Diesel,159500
Maruti Suzuki Swift,Maruti,2014,55000,Diesel,335000
Honda City,Honda,2000,80000,Petrol,65000
Land Rover Freelander,Land,2015,30000,Diesel,2100000
Maruti Suzuki Swift,Maruti,2008,58000,Diesel,175000
Renault Duster RxL,Renault,2015,36000,Petrol,550000
Maruti Suzuki Omni,Maruti,2014,6020,Petrol,190000
Mahindra Bolero Power,Mahindra,2018,1800,Diesel,699000
Hyundai Grand i10,Hyundai,2015,53000,Petrol,340000
Mahindra KUV100,Mahindra,2017,35000,Diesel,360000
Honda City VX,Honda,2016,95000,Petrol,860000
Maruti Suzuki Alto,Maruti,2005,40000,Petrol,100000
Maruti Suzuki Swift,Maruti,2011,58000,Diesel,250000
Maruti Suzuki Zen,Maruti,2008,46000,Petrol,125000
Mahindra Xylo D2,Mahindra,2011,56000,Diesel,390000
Mahindra Scorpio 2.6,Mahindra,2004,58000,Diesel,175000
Toyota Fortuner 3.0,Toyota,2013,97000,Diesel,1499000
Maruti Suzuki Celerio,Maruti,2018,37000,Petrol,310000
Hyundai i10 Magna,Hyundai,2009,75000,Petrol,170000
Hyundai Verna Transform,Hyundai,2008,45000,Petrol,160000
Maruti Suzuki Ciaz,Maruti,2017,14000,Petrol,699000
Hyundai i10 Sportz,Hyundai,2010,45872,Petrol,168000
Ford EcoSport Trend,Ford,2017,10000,Petrol,580000
Skoda Yeti Ambition,Skoda,2012,68000,Diesel,448000
Maruti Suzuki Alto,Maruti,2019,9800,Petrol,265000
Mahindra XUV500,Mahindra,2014,52000,Diesel,699999
Mitsubishi Pajero Sport,Mitsubishi,2015,37000,Diesel,1725000
Skoda Fabia,Skoda,2009,45000,Petrol,110000
Maruti Suzuki Alto,Maruti,2013,20000,Petrol,240000
Tata Zest XE,Tata,2017,120000,Diesel,290000
Chevrolet Beat LT,Chevrolet,2012,45000,Diesel,135000
Tata Indigo eCS,Tata,2016,104000,Diesel,230000
Hyundai i20 Active,Hyundai,2015,37000,Diesel,535000
Maruti Suzuki Swift,Maruti,2014,23000,Petrol,365000
Toyota Fortuner 3.0,Toyota,2015,120000,Diesel,1525000
Maruti Suzuki Ertiga,Maruti,2013,52500,Diesel,485000
Tata Tiago Revotron,Tata,2018,3500,Petrol,430000
Mahindra Xylo E4,Mahindra,2012,35000,Diesel,400000
Honda Jazz S,Honda,2009,24695,Petrol,169999
Hyundai Grand i10,Hyundai,2016,59910,Diesel,280000
Hyundai Getz GLE,Hyundai,2007,55000,Petrol,99000
Honda City ZX,Honda,2008,45000,Petrol,110000
Ford Figo,Ford,2012,41000,Diesel,175000
Maruti Suzuki Swift,Maruti,2017,41800,Diesel,650000
Mahindra Xylo D2,Mahindra,2009,62000,Diesel,300000
Hyundai Elite i20,Hyundai,2015,30000,Petrol,470000
Maruti Suzuki Alto,Maruti,2017,6200,Petrol,280000
Hyundai Santro AE,Hyundai,2011,45000,Petrol,165000
Hyundai i10 Magna,Hyundai,2014,18000,Petrol,265000
Maruti Suzuki Ertiga,Maruti,2012,39000,Diesel,389700
Mahindra TUV300 T8,Mahindra,2018,4500,Diesel,1000000
Mitsubishi Lancer 1.8,Mitsubishi,2006,50000,Petrol,85000
Mitsubishi Pajero Sport,Mitsubishi,2015,47000,Diesel,1475000
Maruti Suzuki Wagon,Maruti,2013,39000,Petrol,105000
Maruti Suzuki Alto,Maruti,2010,34580,Petrol,135000
Hindustan Motors Ambassador,Hindustan,2000,200000,Diesel,70000
Mahindra Bolero DI,Mahindra,2017,23452,Diesel,180000
Hyundai Santro Xing,Hyundai,2007,65000,Petrol,55000
Tata Indigo eCS,Tata,2016,175400,Diesel,320000
Hindustan Motors Ambassador,Hindustan,2002,25000,Diesel,90000
Maruti Suzuki Swift,Maruti,2012,40000,Petrol,225000
Tata Indica V2,Tata,2008,11000,Petrol,150000
Volkswagen Vento Highline,Volkswagen,2015,34000,Diesel,550000
Renault Duster 110,Renault,2013,38600,Diesel,490000
Maruti Suzuki Alto,Maruti,2011,32000,Petrol,155000
Maruti Suzuki Zen,Maruti,2002,10544,Petrol,95000
Maruti Suzuki Eeco,Maruti,2015,39000,Petrol,278000
Volkswagen Jetta Highline,Volkswagen,2014,46000,Diesel,749999
Tata Indigo eCS,Tata,2017,130000,Diesel,200000
Toyota Fortuner 3.0,Toyota,2015,120000,Diesel,1525000
Mitsubishi Pajero Sport,Mitsubishi,2015,42590,Diesel,1490000
Toyota Corolla,Toyota,2009,26000,,275000
Honda City 1.5,Honda,2009,55000,Petrol,270000
Hyundai Getz Prime,Hyundai,2009,20000,Petrol,110000
Volkswagen Polo Highline,Volkswagen,2014,60000,Petrol,315000
Audi A8,Audi,2017,4000,Petrol,1000000
Maruti Suzuki Swift,Maruti,2010,43200,Diesel,159500
Maruti Suzuki Alto,Maruti,2015,60000,Petrol,250000
Hyundai Eon D,Hyundai,2016,87000,Petrol,120000
Maruti Suzuki Versa,Maruti,2004,50000,Petrol,80000
Honda City,Honda,2015,54000,Petrol,448999
Volkswagen Polo,Volkswagen,2015,38000,Diesel,330000
Maruti Suzuki Wagon,Maruti,2013,39000,Petrol,105000
Hyundai Eon,Hyundai,2014,14000,Petrol,174999
Maruti Suzuki Zen,Maruti,2006,32000,Petrol,71000
Hyundai Santro Xing,Hyundai,2007,46000,Petrol,135000
Chevrolet Tavera Neo,Chevrolet,2013,55000,Diesel,375000
Hyundai i10 Sportz,Hyundai,2011,38000,Petrol,220000
Hyundai i20 Asta,Hyundai,2012,36200,Diesel,329500
Fiat Linea Emotion,Fiat,2009,64000,Petrol,120000
Mahindra XUV500 W6,Mahindra,2013,49800,Diesel,548900
Tata Zest XE,Tata,2018,103553,Diesel,480000
Toyota Corolla Altis,Toyota,2009,132000,Petrol,300000
Renault Kwid 1.0,Renault,2018,10000,Petrol,349999
Volkswagen Passat Diesel,Volkswagen,2009,97000,Diesel,450000
Chevrolet Beat LS,Chevrolet,2011,45000,Diesel,145000
Maruti Suzuki Omni,Maruti,2012,14000,Petrol,160000
Tata Indica V2,Tata,2012,64000,Diesel,115000
Renault Duster 85,Renault,2015,65000,Diesel,715000
Hyundai Grand i10,Hyundai,2017,2550,Petrol,424999
Maruti Suzuki Zen,Maruti,2010,35000,Petrol,149000
Maruti Suzuki Alto,Maruti,2012,14000,Petrol,155000
Hyundai Xcent SX,Hyundai,2015,43000,Diesel,400000
Volkswagen Vento Konekt,Volkswagen,2011,65000,Diesel,245000
Mahindra Jeep CL550,Mahindra,2006,40,Diesel,425000
Mahindra Scorpio VLX,Mahindra,2014,77000,Diesel,650000
Tata Indigo eCS,Tata,2014,195000,Diesel,95000
Ford EcoSport,Ford,2017,39000,Petrol,489999
Hyundai i20 Active,Hyundai,2015,18000,Petrol,500000
Renault Lodgy 85,Renault,2018,20000,Diesel,689999
Maruti Suzuki Ritz,Maruti,2010,72160,Diesel,180000
Mahindra Scorpio S10,Mahindra,2015,97200,Diesel,900000
Maruti Suzuki Baleno,Maruti,2016,22000,Petrol,498000
Honda City ZX,Honda,2008,42000,Petrol,149000
Maruti Suzuki A,Maruti,2011,12500,Petrol,189500
Hyundai i20 Active,Hyundai,2015,35000,Diesel,574999
Tata Indigo Marina,Tata,2004,70000,Diesel,180000
Toyota Fortuner,Toyota,2011,52000,Diesel,1074999
Mini Cooper S,Mini,2013,13000,Petrol,1891111
Mahindra Jeep CL550,Mahindra,2006,40,Diesel,425000
Mahindra Scorpio,Mahindra,2015,45000,Diesel,944999
Chevrolet Beat LT,Chevrolet,2012,90001,Diesel,130000
Hyundai Sonata Transform,Hyundai,2017,36469,Diesel,190000
Maruti Suzuki Swift,Maruti,2011,45000,Petrol,225000
Honda City 1.5,Honda,2014,39000,Petrol,549000
Maruti Suzuki Swift,Maruti,2009,51000,Diesel,250000
Maruti Suzuki Omni,Maruti,2009,45000,Petrol,85000
Renault Kwid RXT,Renault,2019,1000,Petrol,370000
Maruti Suzuki Swift,Maruti,2016,146000,Diesel,350000
Maruti Suzuki Alto,Maruti,2015,55800,Petrol,90000
Chevrolet Tavera Neo,Chevrolet,2013,55000,Diesel,375000
Hyundai Eon Magna,Hyundai,2013,23000,Petrol,185000
Tata Indigo LX,Tata,2016,104000,Diesel,230000
Mahindra Xylo D2,Mahindra,2011,48000,Diesel,390000
Mahindra Scorpio SLX,Mahindra,2007,75000,Diesel,355000
Hyundai Santro Xing,Hyundai,2007,42000,Petrol,135000
Hyundai Santro Xing,Hyundai,2003,50000,Petrol,120000
Maruti Suzuki Zen,Maruti,2009,0,Petrol,125000
Maruti Suzuki Wagon,Maruti,2006,48000,Petrol,90001
Ford Figo,Ford,2012,41000,Diesel,175000
Tata Indica,Tata,2005,42000,Petrol,80000
Hyundai i10 Era,Hyundai,2011,30000,Petrol,175000
Hyundai Eon D,Hyundai,2013,20000,Petrol,170000
Ford Figo Diesel,Ford,2014,50000,Diesel,195000
Hyundai i20 Sportz,Hyundai,2012,55000,Petrol,100000
Maruti Suzuki Vitara,Maruti,2016,29000,Diesel,689999
Maruti Suzuki Eeco,Maruti,2013,70000,LPG,290000
Chevrolet Beat LT,Chevrolet,2011,40000,Diesel,150000
Hyundai Santro Xing,Hyundai,2000,56450,Petrol,59000
Toyota Innova 2.5,Toyota,2006,73000,Diesel,365000
Hyundai Santro Xing,Hyundai,2006,46000,Petrol,75000
Mercedes Benz A,Mercedes,2013,14000,Petrol,1500000
Hyundai Grand i10,Hyundai,2017,20000,Petrol,400000
Hyundai Verna,Hyundai,2014,44000,Diesel,489999
Mahindra KUV100,Mahindra,2016,26500,Petrol,380000
Renault Duster,Renault,2015,49000,Diesel,449999
Tata Indigo CS,Tata,2017,50000,Diesel,270000
Ford EcoSport Trend,Ford,2016,24330,Diesel,830000
Honda City ZX,Honda,2006,50000,Petrol,180000
Hyundai Verna Fluidic,Hyundai,2015,35000,Diesel,525000
Toyota Innova 2.5,Toyota,2012,0,Diesel,770000
Honda City 1.5,Honda,2005,50000,Petrol,90000
Toyota Corolla Altis,Toyota,2010,58000,Petrol,220000
Renault Scala RxL,Renault,2015,25000,Diesel,375000
Mahindra Jeep CL550,Mahindra,2018,588,Diesel,385000
Honda Mobilio S,Honda,2014,44000,Diesel,399000
Maruti Suzuki Alto,Maruti,2017,5600,Petrol,350000
Maruti Suzuki Zen,Maruti,2003,60000,Petrol,48000
Maruti Suzuki Alto,Maruti,2015,39000,Petrol,75000
Tata Indica V2,Tata,2009,30600,Diesel,90000
Datsun Redi GO,Datsun,2017,16000,Petrol,235000
Hyundai Grand i10,Hyundai,2014,49000,Diesel,345000
Renault Lodgy 85,Renault,2018,20000,Diesel,689999
Hyundai Elite i20,Hyundai,2015,30000,Petrol,400000
Ford EcoSport Titanium,Ford,2014,44000,Diesel,550000
