,name,company,year,kms_driven,fuel_type,Price
0,Hyundai Santro Xing,Hyundai,2007,45000,Petrol,80000
1,Mahindra Jeep CL550,Mahindra,2006,40,Diesel,425000
2,Hyundai Grand i10,Hyundai,2014,28000,Petrol,325000
3,Ford EcoSport Titanium,Ford,2014,36000,Diesel,575000
4,Ford Figo,Ford,2012,41000,Diesel,175000
5,Hyundai Eon,Hyundai,2013,25000,Petrol,190000
6,Ford EcoSport Ambiente,Ford,2016,24530,Diesel,830000
7,Maruti Suzuki Alto,Maruti,2015,60000,Petrol,250000
8,Skoda Fabia Classic,Skoda,2010,60000,Petrol,182000
9,Maruti Suzuki Stingray,Maruti,2015,30000,Petrol,315000
10,Hyundai Elite i20,Hyundai,2014,32000,Petrol,415000
11,Mahindra Scorpio SLE,Mahindra,2015,48660,Diesel,320000
12,Hyundai Santro Xing,Hyundai,2007,45000,Petrol,80000
13,Mahindra Jeep CL550,Mahindra,2006,40,Diesel,425000
14,Audi A8,Audi,2017,4000,Petrol,1000000
15,Audi Q7,Audi,2014,16934,Diesel,500000
16,Mahindra Scorpio S10,Mahindra,2016,43000,Diesel,350000
17,Maruti Suzuki Alto,Maruti,2014,35550,Petrol,160000
18,Mahindra Scorpio S10,Mahindra,2016,43000,Diesel,350000
19,Mahindra Scorpio S10,Mahindra,2016,39522,Diesel,310000
20,Maruti Suzuki Alto,Maruti,2015,39000,Petrol,75000
21,Hyundai i20 Sportz,Hyundai,2012,55000,Petrol,100000
22,Hyundai i20 Sportz,Hyundai,2012,55000,Petrol,100000
23,Hyundai i20 Sportz,Hyundai,2012,55000,Petrol,100000
24,Maruti Suzuki Alto,Maruti,2017,72000,Petrol,190000
25,Maruti Suzuki Vitara,Maruti,2016,15975,Diesel,290000
26,Maruti Suzuki Alto,Maruti,2008,70000,Petrol,95000
27,Mahindra Bolero DI,Mahindra,2017,23452,Diesel,180000
28,Maruti Suzuki Swift,Maruti,2014,35522,Diesel,385000
29,Mahindra Scorpio S10,Mahindra,2015,48508,Diesel,250000
30,Maruti Suzuki Swift,Maruti,2017,15487,Petrol,180000
31,Maruti Suzuki Wagon,Maruti,2013,39000,Petrol,105000
32,Maruti Suzuki Wagon,Maruti,2013,39000,Petrol,105000
33,Toyota Innova 2.0,Toyota,2012,82000,Diesel,650000
34,Renault Lodgy 85,Renault,2018,20000,Diesel,689999
35,Skoda Yeti Ambition,Skoda,2012,68000,Diesel,448000
36,Maruti Suzuki Baleno,Maruti,2017,32000,Diesel,549000
37,Renault Duster 110,Renault,2012,38000,Diesel,501000
38,Renault Duster 85,Renault,2013,27000,Diesel,489999
39,Honda City 1.5,Honda,2011,33000,Petrol,280000
40,Maruti Suzuki Alto,Maruti,2015,60000,Petrol,250000
41,Maruti Suzuki Dzire,Maruti,2013,46000,Diesel,349999
42,Honda Amaze,Honda,2013,46000,Diesel,284999
43,Honda Amaze 1.5,Honda,2015,36000,Diesel,345000
44,Honda City,Honda,2015,55000,Petrol,499999
45,Datsun Redi GO,Datsun,2017,16000,Petrol,235000
46,Maruti Suzuki SX4,Maruti,2010,36000,Petrol,249999
47,Mitsubishi Pajero Sport,Mitsubishi,2015,47000,Diesel,1475000
48,Mahindra Bolero DI,Mahindra,2017,23452,Diesel,180000
49,Maruti Suzuki Swift,Maruti,2014,35522,Diesel,385000
50,Mahindra Scorpio S10,Mahindra,2015,48508,Diesel,250000
51,Maruti Suzuki Swift,Maruti,2017,15487,Petrol,180000
52,Maruti Suzuki Wagon,Maruti,2013,39000,Petrol,105000
53,Maruti Suzuki Wagon,Maruti,2013,39000,Petrol,105000
54,Mahindra Scorpio S10,Mahindra,2015,35000,Diesel,395000
55,Maruti Suzuki Swift,Maruti,2017,30874,Petrol,220000
56,Honda City ZX,Honda,2017,15000,Diesel,170000
57,Maruti Suzuki Wagon,Maruti,2013,29685,Petrol,85000
58,Ford Figo,Ford,2012,41000,Diesel,175000
59,Hyundai Eon,Hyundai,2013,25000,Petrol,190000
60,Tata Indigo eCS,Tata,2017,130000,Diesel,200000
61,Ford EcoSport Ambiente,Ford,2016,24530,Diesel,830000
62,Tata Indigo eCS,Tata,2017,130000,Diesel,200000
63,Mahindra Scorpio SLE,Mahindra,2012,19000,Diesel,570000
64,Volkswagen Polo Highline,Volkswagen,2014,60000,Petrol,315000
65,Skoda Fabia Classic,Skoda,2010,60000,Petrol,182000
66,Maruti Suzuki Stingray,Maruti,2015,30000,Petrol,315000
67,Chevrolet Spark LS,Chevrolet,2010,41000,Petrol,110000
68,Renault Duster 110PS,Renault,2012,35000,Diesel,501000
69,Honda City,Honda,2015,54000,Petrol,448999
70,Mini Cooper S,Mini,2013,13000,Petrol,1891111
71,Datsun Redi GO,Datsun,2017,16000,Petrol,235000
72,Skoda Fabia 1.2L,Skoda,2011,38200,Diesel,159500
73,Honda Amaze,Honda,2015,22000,Petrol,344999
74,Honda Amaze,Honda,2015,22000,Petrol,344999
75,Renault Duster,Renault,2014,50000,Diesel,449999
76,Mini Cooper S,Mini,2013,13500,Petrol,1891111
77,Mahindra Scorpio S4,Mahindra,2015,30000,Diesel,865000
78,Mahindra Scorpio VLX,Mahindra,2014,50000,Diesel,699000
79,Mahindra Quanto C8,Mahindra,2013,20000,Diesel,375000
80,Ford EcoSport,Ford,2017,39000,Petrol,489999
81,Honda Brio,Honda,2012,30000,Petrol,224999
82,Volkswagen Vento Highline,Volkswagen,2019,3600,Diesel,1200000
83,Hyundai i20 Magna,Hyundai,2009,32000,Petrol,195000
84,Toyota Corolla Altis,Toyota,2010,38000,Diesel,351000
85,Hyundai Verna Transform,Hyundai,2008,45000,Petrol,160000
86,Toyota Corolla Altis,Toyota,2009,35000,Petrol,240000
87,Honda City 1.5,Honda,2005,50000,Petrol,90000
88,Hyundai Elite i20,Hyundai,2014,32000,Petrol,415000
89,Skoda Fabia 1.2L,Skoda,2011,45863,Diesel,155000
90,BMW 3 Series,BMW,2011,60500,Petrol,600000
91,Maruti Suzuki A,Maruti,2011,12500,Petrol,189500
92,Toyota Etios GD,Toyota,2013,60000,Diesel,350000
93,Ford Figo Diesel,Ford,2012,35000,Diesel,210000
94,Maruti Suzuki Swift,Maruti,2014,35000,Petrol,390000
95,Chevrolet Beat LT,Chevrolet,2012,45000,Diesel,135000
96,BMW 7 Series,BMW,2009,35000,Petrol,1600000
97,Mahindra XUV500 W8,Mahindra,2013,38000,Diesel,701000
98,Hyundai i10 Magna,Hyundai,2014,18000,Petrol,265000
99,Hyundai Verna Fluidic,Hyundai,2015,35000,Diesel,525000
100,Maruti Suzuki Swift,Maruti,2013,13349,Petrol,372000
101,Maruti Suzuki Ertiga,Maruti,2016,29000,Petrol,635000
102,Ford EcoSport Titanium,Ford,2014,44000,Diesel,550000
103,Maruti Suzuki Ertiga,Maruti,2016,29000,Petrol,575000
104,Maruti Suzuki Ertiga,Maruti,2013,42000,Diesel,485000
105,Maruti Suzuki Alto,Maruti,2012,14000,Petrol,155000
106,Hyundai Grand i10,Hyundai,2014,49000,Diesel,345000
107,Honda Amaze 1.2,Honda,2014,42000,Petrol,325000
108,Hyundai i20 Asta,Hyundai,2012,36200,Diesel,329500
109,Ford Figo Diesel,Ford,2014,50000,Diesel,195000
110,Maruti Suzuki Eeco,Maruti,2015,55000,Petrol,251111
111,Maruti Suzuki Ertiga,Maruti,2014,45000,Petrol,569999
112,Maruti Suzuki Esteem,Maruti,2007,51000,Petrol,69999
113,Maruti Suzuki Ritz,Maruti,2014,19000,Petrol,299999
114,Maruti Suzuki Dzire,Maruti,2009,46000,Petrol,220000
115,Maruti Suzuki Ritz,Maruti,2013,33000,Diesel,399999
116,Maruti Suzuki Swift,Maruti,2013,13349,Petrol,372000
117,Maruti Suzuki Dzire,Maruti,2015,104000,Diesel,450000
118,Toyota Etios Liva,Toyota,2014,55000,Petrol,270000
119,Hyundai i20 Sportz,Hyundai,2011,33333,Diesel,350000
120,Chevrolet Spark,Chevrolet,2012,33600,Petrol,158400
121,Maruti Suzuki Alto,Maruti,2017,5600,Petrol,350000
122,Nissan Micra XV,Nissan,2011,41000,Petrol,179000
123,Maruti Suzuki Swift,Maruti,2007,70000,Petrol,125000
124,Maruti Suzuki Alto,Maruti,2018,7500,Petrol,200000
125,Honda Amaze 1.5,Honda,2013,45000,Diesel,299000
126,Maruti Suzuki Alto,Maruti,2015,38000,Petrol,220000
127,Chevrolet Beat,Chevrolet,2015,30000,Petrol,150000
128,Toyota Corolla,Toyota,2009,26000,,275000
129,Honda City 1.5,Honda,2010,35000,Petrol,285000
130,Ford EcoSport Trend,Ford,2016,24330,Diesel,830000
131,Hyundai i20 Asta,Hyundai,2009,65480,Petrol,210000
132,Maruti Suzuki Swift,Maruti,2013,41000,Petrol,340000
133,Tata Indica V2,Tata,2006,20000,Petrol,90000
134,Hindustan Motors Ambassador,Hindustan,2000,200000,Diesel,70000
135,Toyota Corolla Altis,Toyota,2010,70000,Petrol,289999
136,Toyota Corolla Altis,Toyota,2012,59000,Petrol,349999
137,Toyota Innova 2.5,Toyota,2012,99000,Diesel,849999
138,Volkswagen Jetta Highline,Volkswagen,2014,46000,Diesel,749999
139,Volkswagen Polo Comfortline,Volkswagen,2015,2800,Petrol,399999
140,Volkswagen Polo,Volkswagen,2014,32000,Petrol,274999
141,Mahindra Scorpio,Mahindra,2015,22000,Diesel,984999
142,Renault Duster,Renault,2014,50000,Diesel,449999
143,Honda Amaze,Honda,2015,22000,Petrol,344999
144,Nissan Sunny,Nissan,2012,45000,Petrol,224999
145,Hyundai Elite i20,Hyundai,2018,21000,Petrol,599999
146,Renault Kwid,Renault,2016,11000,Petrol,244999
147,Renault Duster,Renault,2013,41000,Diesel,399999
148,Ford EcoSport,Ford,2017,39000,Petrol,489999
149,Renault Duster,Renault,2014,50000,Diesel,474999
150,Mahindra Scorpio VLX,Mahindra,2011,66000,Diesel,499999
151,Maruti Suzuki Alto,Maruti,2018,3000,Petrol,310000
152,Chevrolet Spark LT,Chevrolet,2010,45000,Petrol,85000
153,Datsun Redi GO,Datsun,2016,7000,Petrol,245000
154,Maruti Suzuki Swift,Maruti,2010,38500,Diesel,189500
155,Fiat Punto Emotion,Fiat,2012,37200,Diesel,169500
156,Maruti Suzuki Swift,Maruti,2010,43200,Diesel,159500
157,Toyota Etios GD,Toyota,2013,24800,Petrol,275000
158,Hyundai i20 Sportz,Hyundai,2014,60000,Diesel,370000
159,Hyundai i10 Sportz,Hyundai,2010,45872,Petrol,168000
160,Chevrolet Beat LT,Chevrolet,2011,40000,Diesel,150000
161,Chevrolet Beat LS,Chevrolet,2011,45000,Diesel,145000
162,Chevrolet Beat LT,Chevrolet,2012,38000,Diesel,98500
163,Mahindra Scorpio VLX,Mahindra,2014,50000,Diesel,699000
164,Tata Indigo CS,Tata,2011,11400,Diesel,85000
165,Toyota Corolla Altis,Toyota,2015,42000,Petrol,575000
166,Honda City 1.5,Honda,2014,39000,Petrol,549000
167,Maruti Suzuki Swift,Maruti,2011,47000,Diesel,209000
168,Hyundai Eon Era,Hyundai,2013,27000,Petrol,185000
169,Mahindra Scorpio S10,Mahindra,2015,97200,Diesel,900000
170,Mahindra XUV500,Mahindra,2014,52000,Diesel,699999
171,Honda Brio,Honda,2012,30000,Petrol,224999
172,Ford Fiesta,Ford,2011,55000,Diesel,274999
173,Honda Amaze,Honda,2013,46000,Diesel,284999
174,Honda City,Honda,2015,30000,Diesel,599999
175,Maruti Suzuki Wagon,Maruti,2012,44000,Petrol,199999
176,Honda City,Honda,2014,45000,Diesel,544999
177,Hyundai i20,Hyundai,2009,31000,Petrol,199000
178,Tata Indigo eCS,Tata,2016,175430,Diesel,320000
179,Hyundai Fluidic Verna,Hyundai,2015,38000,Diesel,540000
180,Mahindra Quanto C8,Mahindra,2013,37000,Diesel,340000
181,Fiat Petra ELX,Fiat,2008,65000,Petrol,75000
182,Skoda Fabia 1.2L,Skoda,2011,38200,Diesel,159500
183,Mini Cooper S,Mini,2013,13000,Petrol,1891111
184,Hyundai Santro Xing,Hyundai,2005,7500,Petrol,49000
185,Maruti Suzuki Ciaz,Maruti,2016,3350,Petrol,700000
186,Maruti Suzuki Zen,Maruti,2000,60000,Petrol,55000
187,Honda City,Honda,2015,54000,Petrol,448999
188,Hyundai Creta 1.6,Hyundai,2017,32000,Petrol,895000
189,Mahindra Scorpio SLX,Mahindra,2007,75000,Diesel,355000
190,Mahindra Scorpio SLE,Mahindra,2012,62000,Diesel,565000
191,Toyota Innova 2.5,Toyota,2006,73000,Diesel,365000
192,Maruti Suzuki Alto,Maruti,2011,41000,Petrol,145000
193,Maruti Suzuki Wagon,Maruti,2011,35000,Petrol,210000
194,Tata Nano Cx,Tata,2013,2200,Petrol,40000
195,Maruti Suzuki Alto,Maruti,2013,39000,Petrol,125000
196,Maruti Suzuki Wagon,Maruti,2009,45000,Petrol,135000
197,Maruti Suzuki Swift,Maruti,2006,45000,Petrol,135000
198,Tata Sumo Victa,Tata,2012,65000,Diesel,285000
199,Maruti Suzuki Wagon,Maruti,2010,54870,Petrol,145000
200,Maruti Suzuki Alto,Maruti,2010,34580,Petrol,135000
201,Volkswagen Passat Diesel,Volkswagen,2009,97000,Diesel,450000
202,Renault Scala RxL,Renault,2015,25000,Diesel,375000
203,Mahindra Quanto C8,Mahindra,2013,20000,Diesel,375000
204,Hyundai Grand i10,Hyundai,2014,20000,Petrol,365000
205,Hyundai i20 Active,Hyundai,2015,18000,Petrol,500000
206,Mahindra Xylo E4,Mahindra,2012,35000,Diesel,400000
207,Mahindra Jeep MM,Mahindra,2019,60,Diesel,390000
208,Renault Duster 110PS,Renault,2012,35000,Diesel,501000
209,Mahindra Bolero SLE,Mahindra,2013,80200,Diesel,330000
210,Force Motors Force,Force,2015,3200,Diesel,580000
211,Maruti Suzuki SX4,Maruti,2012,46000,Diesel,265000
212,Mahindra Jeep CL550,Mahindra,2019,0,Diesel,379000
213,Maruti Suzuki Alto,Maruti,2015,5000,Petrol,219000
214,Mahindra Jeep CL550,Mahindra,2018,588,Diesel,385000
215,Toyota Etios,Toyota,2011,36000,Diesel,275000
216,Volkswagen Polo,Volkswagen,2015,38000,Diesel,330000
217,Honda City ZX,Honda,2008,45000,Petrol,110000
218,Maruti Suzuki Wagon,Maruti,2006,71200,Petrol,80000
219,Honda City VX,Honda,2016,52000,Diesel,519000
220,Mahindra Thar CRDe,Mahindra,2016,29000,Diesel,730000
221,Mitsubishi Pajero Sport,Mitsubishi,2015,47000,Diesel,1475000
222,Audi A4 1.8,Audi,2009,47000,Petrol,699000
223,Mercedes Benz GLA,Mercedes,2015,20000,Diesel,2000000
224,Land Rover Freelander,Land,2015,30000,Diesel,2100000
225,Renault Kwid RXT,Renault,2017,5000,Petrol,340000
226,Tata Aria Pleasure,Tata,2014,35000,Diesel,390000
227,Mercedes Benz B,Mercedes,2014,31000,Petrol,1400000
228,Datsun GO T,Datsun,2016,7000,Petrol,245000
229,Tata Indigo eCS,Tata,2016,175430,Diesel,320000
230,Tata Indigo eCS,Tata,2016,175400,Diesel,320000
231,Honda Jazz VX,Honda,2016,41000,Petrol,450000
232,Honda Amaze 1.2,Honda,2014,33000,Petrol,311000
233,Honda Amaze,Honda,2013,46000,Diesel,284999
234,Honda City,Honda,2012,45000,Petrol,399999
235,Honda City,Honda,2015,39000,Diesel,599999
236,Honda Amaze,Honda,2015,22000,Petrol,344999
237,Audi A4 1.8,Audi,2009,47000,Petrol,699000
238,Force Motors Force,Force,2015,3200,Diesel,580000
239,Mahindra Scorpio S4,Mahindra,2015,30000,Diesel,855000
240,Hyundai i20 Active,Hyundai,2015,37000,Diesel,535000
241,Mini Cooper S,Mini,2013,13000,Petrol,1891111
242,Maruti Suzuki Ciaz,Maruti,2017,14000,Petrol,699000
243,Chevrolet Tavera Neo,Chevrolet,2013,55000,Diesel,375000
244,Honda Amaze,Honda,2013,46000,Diesel,284999
245,Hyundai Eon Sportz,Hyundai,2012,30000,Petrol,178000
246,Tata Sumo Gold,Tata,2013,50000,Diesel,300000
247,Maruti Suzuki Wagon,Maruti,2003,45000,Petrol,90000
248,Maruti Suzuki Esteem,Maruti,2006,45000,Petrol,95000
249,Maruti Suzuki Eeco,Maruti,2015,9300,Petrol,255000
250,Chevrolet Enjoy 1.4,Chevrolet,2013,55000,Diesel,245000
251,Hyundai i20 Asta,Hyundai,2012,36200,Diesel,329500
252,Ford Figo Diesel,Ford,2014,50000,Diesel,195000
253,Maruti Suzuki Eeco,Maruti,2015,55000,Petrol,251111
254,Maruti Suzuki Ertiga,Maruti,2014,45000,Petrol,569999
255,Maruti Suzuki Esteem,Maruti,2007,51000,Petrol,69999
256,Maruti Suzuki Ritz,Maruti,2014,19000,Petrol,299999
257,Maruti Suzuki Dzire,Maruti,2009,46000,Petrol,220000
258,Maruti Suzuki Ritz,Maruti,2013,33000,Diesel,399999
259,Maruti Suzuki SX4,Maruti,2010,36000,Petrol,249999
260,Maruti Suzuki Wagon,Maruti,2015,22000,Petrol,289999
261,Mini Cooper S,Mini,2013,13500,Petrol,1891111
262,Nissan Terrano XL,Nissan,2015,60000,Diesel,499999
263,Renault Duster 85,Renault,2013,27000,Diesel,489999
264,Renault Duster 85,Renault,2014,59000,Diesel,489999
265,Renault Duster 85,Renault,2015,19000,Diesel,549999
266,Maruti Suzuki Dzire,Maruti,2013,30000,Petrol,380000
267,Renault Kwid RXT,Renault,2018,15000,Petrol,325000
268,Maruti Suzuki Maruti,Maruti,2003,56758,Petrol,57000
269,Renault Kwid 1.0,Renault,2018,10000,Petrol,349999
270,Renault Lodgy 85,Renault,2018,20000,Diesel,689999
271,Renault Scala RxL,Renault,2014,49000,Diesel,349999
272,Hyundai Grand i10,Hyundai,2014,41000,Petrol,410000
273,Maruti Suzuki Swift,Maruti,2011,45000,Petrol,225000
274,Chevrolet Beat LS,Chevrolet,2010,43000,Petrol,120000
275,Tata Indigo eCS,Tata,2016,175430,Diesel,320000
276,Hyundai Santro Xing,Hyundai,2000,56450,Petrol,59000
277,Hyundai Fluidic Verna,Hyundai,2015,38000,Diesel,540000
278,Chevrolet Beat LS,Chevrolet,2010,56000,Petrol,80000
279,Mahindra Quanto C8,Mahindra,2013,37000,Diesel,340000
280,Fiat Petra ELX,Fiat,2008,65000,Petrol,75000
281,Chevrolet Beat LS,Chevrolet,2015,32700,Petrol,220000
282,Skoda Fabia 1.2L,Skoda,2011,38200,Diesel,159500
283,Ford EcoSport Titanium,Ford,2016,30000,Diesel,599000
284,Hyundai Accent GLX,Hyundai,2006,56000,Petrol,80000
285,Mahindra TUV300 T4,Mahindra,2016,9000,Diesel,675000
286,Mini Cooper S,Mini,2013,13000,Petrol,1891111
287,Mini Cooper S,Mini,2013,13000,Petrol,1891111
288,Tata Indica V2,Tata,2008,11000,Petrol,150000
289,Mini Cooper S,Mini,2013,13000,Petrol,1891111
290,Tata Indigo CS,Tata,2009,46000,Diesel,72500
291,Maruti Suzuki Swift,Maruti,2019,73,Petrol,610000
292,Mahindra Scorpio VLX,Mahindra,2004,160000,Diesel,230000
293,Honda Accord,Honda,2009,58559,Petrol,175000
294,Mahindra Scorpio S4,Mahindra,2015,30000,Diesel,855000
295,Chevrolet Tavera Neo,Chevrolet,2013,55000,Diesel,375000
296,Ford EcoSport Titanium,Ford,2014,57000,Diesel,520000
297,Maruti Suzuki Ertiga,Maruti,2015,50000,Diesel,524999
298,Honda Amaze,Honda,2014,37000,Petrol,299999
299,Maruti Suzuki Dzire,Maruti,2012,40000,Petrol,299999
300,Honda City,Honda,2011,55000,Petrol,284999
301,Mahindra Scorpio 2.6,Mahindra,2007,170000,Diesel,220000
302,Maruti Suzuki Dzire,Maruti,2014,55000,Diesel,424999
303,Honda City,Honda,2015,39000,Petrol,644999
304,Honda Mobilio,Honda,2014,44000,Petrol,399999
305,Toyota Corolla Altis,Toyota,2009,65000,Petrol,199999
306,Honda City,Honda,2014,39000,Petrol,584999
307,Skoda Laura,Skoda,2012,44000,Diesel,349999
308,Renault Duster,Renault,2015,49000,Diesel,449999
309,Maruti Suzuki Ertiga,Maruti,2018,9000,Diesel,799999
310,Maruti Suzuki Dzire,Maruti,2015,45000,Diesel,444999
311,Mahindra XUV500,Mahindra,2014,47000,Diesel,649999
312,Hyundai Verna Fluidic,Hyundai,2012,40000,Diesel,444999
313,Maruti Suzuki Vitara,Maruti,2016,29000,Diesel,689999
314,Maruti Suzuki Wagon,Maruti,2016,15000,Petrol,344999
315,Mahindra Scorpio,Mahindra,2015,45000,Diesel,944999
316,Honda Amaze,Honda,2014,35000,Petrol,274999
317,Mahindra XUV500,Mahindra,2013,80000,Diesel,689999
318,Mahindra Scorpio,Mahindra,2013,68000,Diesel,574999
319,Skoda Laura,Skoda,2013,50000,Diesel,374999
320,Volkswagen Polo,Volkswagen,2010,60000,Diesel,199999
321,Hyundai Elite i20,Hyundai,2016,9000,Petrol,549999
322,Tata Manza Aura,Tata,2012,72000,Diesel,130000
323,Chevrolet Sail UVA,Chevrolet,2013,60000,Petrol,210000
324,Renault Duster 110,Renault,2012,38000,Diesel,501000
325,Hyundai Verna Fluidic,Hyundai,2013,45000,Diesel,401000
326,Audi A4 2.0,Audi,2012,40000,Diesel,1350000
327,Hyundai Elantra SX,Hyundai,2013,20000,Petrol,600000
328,Mahindra Scorpio VLX,Mahindra,2013,35000,Diesel,610000
329,Mahindra KUV100 K8,Mahindra,2016,20000,Diesel,400000
330,Renault Scala RxL,Renault,2015,25000,Diesel,375000
331,Mahindra Quanto C8,Mahindra,2013,20000,Diesel,375000
332,Hyundai Grand i10,Hyundai,2014,20000,Petrol,365000
333,Hyundai i20 Active,Hyundai,2015,18000,Petrol,500000
334,Mahindra Xylo E4,Mahindra,2012,35000,Diesel,400000
335,Hyundai Grand i10,Hyundai,2017,6821,Petrol,524999
336,Hyundai i20,Hyundai,2014,23000,Petrol,449999
337,Hyundai Eon,Hyundai,2014,14000,Petrol,174999
338,Hyundai i10,Hyundai,2012,38000,Petrol,244999
339,Hyundai i20 Active,Hyundai,2015,35000,Diesel,574999
340,Datsun Redi GO,Datsun,2017,22000,Petrol,244999
341,Toyota Etios Liva,Toyota,2011,41000,Petrol,239999
342,Hyundai Accent,Hyundai,2010,45000,Petrol,99999
343,Hyundai Verna,Hyundai,2014,44000,Diesel,489999
344,Maruti Suzuki Swift,Maruti,2013,45000,Diesel,324999
345,Toyota Fortuner,Toyota,2011,52000,Diesel,1074999
346,Hyundai i10 Sportz,Hyundai,2012,34000,Petrol,230000
347,Mahindra Bolero Power,Mahindra,2018,1800,Diesel,699000
348,Mahindra XUV500,Mahindra,2015,15000,Diesel,1000000
349,Honda City 1.5,Honda,2010,400000,Petrol,240000
350,Chevrolet Spark LT,Chevrolet,2009,44000,Petrol,110000
351,Mahindra Jeep MM,Mahindra,2019,60,Diesel,390000
352,Renault Duster 110PS,Renault,2012,35000,Diesel,501000
353,Mahindra XUV500,Mahindra,2016,72000,Diesel,1130000
354,Tata Indigo eCS,Tata,2014,40000,Diesel,250000
355,Mahindra Bolero SLE,Mahindra,2013,80200,Diesel,330000
356,Force Motors Force,Force,2015,3200,Diesel,580000
357,Skoda Rapid Elegance,Skoda,2013,48000,Diesel,340000
358,Tata Vista Quadrajet,Tata,2011,90000,Diesel,120000
359,Maruti Suzuki Alto,Maruti,2015,12000,Petrol,265000
360,Maruti Suzuki SX4,Maruti,2012,46000,Diesel,265000
361,Maruti Suzuki Zen,Maruti,2003,69900,Petrol,85000
362,Mahindra Jeep CL550,Mahindra,2019,0,Diesel,379000
363,Hyundai i10 Magna,Hyundai,2011,45000,Petrol,175000
364,Maruti Suzuki Alto,Maruti,2015,5000,Petrol,219000
365,Maruti Suzuki Swift,Maruti,2016,166000,Diesel,350000
366,Honda City ZX,Honda,2008,42000,Petrol,149000
367,Mahindra Jeep CL550,Mahindra,2018,588,Diesel,385000
368,Mahindra Jeep MM,Mahindra,2006,122,Diesel,425000
369,Chevrolet Beat Diesel,Chevrolet,2017,62000,Diesel,150000
370,Honda City 1.5,Honda,2010,70000,Petrol,225000
371,Hyundai Verna 1.4,Hyundai,2014,36000,Petrol,375000
372,Toyota Innova 2.5,Toyota,2012,0,Diesel,770000
373,Maruti Suzuki Maruti,Maruti,1995,55000,Petrol,30000
374,Toyota Etios,Toyota,2011,36000,Diesel,275000
375,Volkswagen Polo,Volkswagen,2015,38000,Diesel,330000
376,Maruti Suzuki Swift,Maruti,2014,55000,Diesel,335000
377,Hyundai Elite i20,Hyundai,2015,20000,Diesel,450000
378,Maruti Suzuki Swift,Maruti,2012,40000,Petrol,225000
379,Maruti Suzuki Versa,Maruti,2004,50000,Petrol,80000
380,Tata Indigo LX,Tata,2016,104000,Diesel,130000
381,Volkswagen Vento Konekt,Volkswagen,2011,65000,Diesel,245000
382,Mercedes Benz C,Mercedes,2002,41000,Petrol,399000
383,Maruti Suzuki Ertiga,Maruti,2013,90000,Diesel,450000
384,Honda City,Honda,2000,80000,Petrol,65000
385,Hyundai Santro Xing,Hyundai,2006,46000,Petrol,75000
386,Maruti Suzuki Omni,Maruti,2001,70000,Petrol,70000
387,Hyundai Sonata Transform,Hyundai,2017,36469,Diesel,190000
388,Hyundai Elite i20,Hyundai,2018,7800,Petrol,600000
389,Volkswagen Vento Konekt,Volkswagen,2011,65000,Diesel,245000
390,Maruti Suzuki Alto,Maruti,2017,60000,Petrol,240000
391,Maruti Suzuki Alto,Maruti,2011,32000,Petrol,155000
392,Honda Jazz S,Honda,2009,24695,Petrol,169999
393,Hyundai Grand i10,Hyundai,2017,15141,Petrol,450000
394,Maruti Suzuki Zen,Maruti,2001,40000,Petrol,40000
395,Mahindra Scorpio W,Mahindra,2012,65000,Diesel,165000
396,Maruti Suzuki Alto,Maruti,2014,22000,Petrol,270000
397,Hyundai Grand i10,Hyundai,2016,59910,Diesel,280000
398,Mahindra XUV500 W8,Mahindra,2012,100000,Diesel,560000
399,Hyundai Creta 1.6,Hyundai,2016,25000,Petrol,950000
400,Hyundai i20 Magna,Hyundai,2013,35000,Petrol,310000
401,Renault Duster 85,Renault,2015,65000,Diesel,715000
402,Hyundai Grand i10,Hyundai,2014,35000,Petrol,340000
403,Honda Brio V,Honda,2012,33000,Petrol,235000
404,Mahindra TUV300 T4,Mahindra,2017,68000,Diesel,610000
405,Chevrolet Spark LS,Chevrolet,2010,23000,Petrol,95000
406,Mahindra TUV300 T8,Mahindra,2018,4500,Diesel,1000000
407,Maruti Suzuki Swift,Maruti,2015,129000,Diesel,220000
408,Nissan X Trail,Nissan,2019,300,Diesel,1200000
409,Maruti Suzuki Alto,Maruti,2015,5000,Petrol,230000
410,Ford Ikon 1.3,Ford,2001,65000,Petrol,45000
411,Toyota Fortuner 3.0,Toyota,2010,131000,Diesel,940000
412,Tata Manza ELAN,Tata,2010,111111,Petrol,155555
413,Mercedes Benz A,Mercedes,2013,14000,Petrol,1500000
414,Chevrolet Beat LS,Chevrolet,2016,22000,Diesel,210000
415,Ford EcoSport Trend,Ford,2013,38000,Diesel,495000
416,Tata Indigo LS,Tata,2016,70000,Diesel,125000
417,Hyundai i20 Magna,Hyundai,2010,36000,Petrol,195000
418,Volkswagen Vento Highline,Volkswagen,2015,34000,Diesel,550000
419,Renault Kwid RXT,Renault,2015,43000,Petrol,270000
420,Ford EcoSport Titanium,Ford,2014,40000,Diesel,500000
421,Honda Amaze 1.5,Honda,2016,160000,Diesel,240000
422,Hyundai Verna 1.6,Hyundai,2017,12000,Petrol,800000
423,BMW 5 Series,BMW,2011,49000,Diesel,1299000
424,Skoda Superb 1.8,Skoda,2011,68000,Petrol,530000
425,Audi Q3 2.0,Audi,2013,37000,Diesel,1499000
426,Mahindra Bolero DI,Mahindra,2012,59466,Diesel,220000
427,Mahindra Scorpio S10,Mahindra,2015,97200,Diesel,900000
428,Ford Figo Duratorq,Ford,2012,99000,Diesel,250000
429,Maruti Suzuki Wagon,Maruti,2018,25500,Petrol,395000
430,Mahindra Logan Diesel,Mahindra,2009,66000,Petrol,130000
431,Tata Nano GenX,Tata,2010,44005,Petrol,32000
432,Mahindra TUV300 T4,Mahindra,2016,35000,Diesel,540000
433,Mahindra TUV300 T4,Mahindra,2016,35000,Diesel,540000
434,Hyundai Elite i20,Hyundai,2015,28000,Petrol,405000
435,Hyundai Elite i20,Hyundai,2015,30000,Petrol,400000
436,Honda City SV,Honda,2017,4000,Petrol,760000
437,Maruti Suzuki Baleno,Maruti,2016,28000,Petrol,500000
438,Ford Figo Petrol,Ford,2011,75000,Petrol,175000
439,Mahindra Scorpio S10,Mahindra,2015,97200,Diesel,900000
440,Honda City,Honda,2017,3000,Petrol,750000
441,Hyundai Elite i20,Hyundai,2015,20000,Petrol,419000
442,Maruti Suzuki Versa,Maruti,2004,50000,Petrol,90000
443,Hyundai Eon Era,Hyundai,2018,2110,Petrol,140000
444,Mitsubishi Pajero Sport,Mitsubishi,2015,43222,Petrol,1540000
445,Hyundai i10 Magna,Hyundai,2008,100200,Petrol,275000
446,Toyota Corolla H2,Toyota,2003,100000,Petrol,150000
447,Maruti Suzuki Swift,Maruti,2011,65,Petrol,230000
448,Tata Indigo CS,Tata,2015,100000,Diesel,123000
449,Mahindra Scorpio S10,Mahindra,2015,97200,Diesel,900000
450,Mahindra Scorpio S10,Mahindra,2015,97200,Diesel,900000
451,Hyundai Xcent Base,Hyundai,2016,140000,Diesel,300000
452,Honda City,Honda,2015,55000,Petrol,499999
453,Hyundai Accent Executive,Hyundai,2009,48000,Petrol,165000
454,Maruti Suzuki Baleno,Maruti,2016,22000,Petrol,498000
455,Tata Zest XE,Tata,2018,103553,Diesel,480000
456,Maruti Suzuki Dzire,Maruti,2017,80000,Diesel,488000
457,Tata Sumo Gold,Tata,2014,99000,Diesel,250000
458,Toyota Corolla Altis,Toyota,2010,58000,Petrol,220000
459,Maruti Suzuki Eeco,Maruti,2013,70000,LPG,290000
460,Toyota Fortuner 3.0,Toyota,2015,120000,Diesel,1525000
461,Mahindra XUV500 W6,Mahindra,2013,49800,Diesel,548900
462,Tata Tigor Revotron,Tata,2019,100,Diesel,650000
463,Maruti Suzuki 800,Maruti,2001,81876,Petrol,55000
464,Maruti Suzuki Ertiga,Maruti,2015,75000,Petrol,550000
465,Maruti Suzuki Versa,Maruti,2004,50000,Petrol,90000
466,Honda Mobilio S,Honda,2014,44000,Diesel,399000
467,Maruti Suzuki Ertiga,Maruti,2016,55000,Diesel,730000
468,Maruti Suzuki Vitara,Maruti,2017,36000,Diesel,725000
469,Hyundai Verna 1.6,Hyundai,2016,56000,Diesel,195000
470,Maruti Suzuki Swift,Maruti,2007,62000,Petrol,130000
471,Toyota Fortuner 3.0,Toyota,2015,120000,Diesel,1525000
472,Maruti Suzuki Omni,Maruti,2014,6020,Petrol,190000
473,Honda Amaze,Honda,2013,55700,Diesel,250000
474,Tata Indica,Tata,2005,42000,Petrol,80000
475,Hyundai Santro Xing,Hyundai,2003,50000,Petrol,120000
476,Maruti Suzuki Zen,Maruti,2010,35000,Petrol,149000
477,Maruti Suzuki Wagon,Maruti,2014,18500,Petrol,250000
478,Maruti Suzuki Wagon,Maruti,2007,7000,Petrol,120000
479,Honda Brio VX,Honda,2017,11000,Petrol,450000
480,Maruti Suzuki Zen,Maruti,2003,53000,Petrol,99999
481,Maruti Suzuki Zen,Maruti,2008,23000,Petrol,135000
482,Maruti Suzuki Wagon,Maruti,2016,35500,Diesel,225000
483,Maruti Suzuki Alto,Maruti,2010,22134,Petrol,99000
484,Renault Kwid RXT,Renault,2019,1000,Petrol,370000
485,Tata Nano Lx,Tata,2010,9000,Petrol,52000
486,Jaguar XE XE,Jaguar,2016,8500,Petrol,2800000
487,Hyundai Eon Magna,Hyundai,2014,35000,Petrol,190000
488,Honda City 1.5,Honda,2014,22000,Petrol,499000
489,Hindustan Motors Ambassador,Hindustan,2002,25000,Diesel,90000
490,Maruti Suzuki Ritz,Maruti,2010,40000,Petrol,149000
491,Hyundai Grand i10,Hyundai,2017,20000,Petrol,400000
492,Hyundai Eon D,Hyundai,2016,87000,Petrol,120000
493,Maruti Suzuki Swift,Maruti,2015,55000,Petrol,250000
494,Maruti Suzuki Wagon,Maruti,2017,23000,Petrol,375000
495,Honda Amaze 1.2,Honda,2014,6000,Petrol,381000
496,Maruti Suzuki Estilo,Maruti,2013,65000,Petrol,180000
497,Maruti Suzuki Vitara,Maruti,2016,25000,Diesel,580000
498,Maruti Suzuki Eeco,Maruti,2015,39000,Petrol,278000
499,Hyundai Creta 1.6,Hyundai,2016,8000,Petrol,1000000
500,Mahindra Scorpio Vlx,Mahindra,2013,75000,Diesel,690000
501,Maruti Suzuki Ertiga,Maruti,2012,51000,Diesel,480000
502,Mitsubishi Lancer 1.8,Mitsubishi,2006,50000,Petrol,85000
503,Maruti Suzuki Maruti,Maruti,2001,75000,Petrol,40000
504,Maruti Suzuki Alto,Maruti,2015,55800,Petrol,90000
505,Hyundai Grand i10,Hyundai,2015,53000,Petrol,340000
506,Hyundai Eon D,Hyundai,2018,25000,Petrol,260000
507,Ford Fiesta SXi,Ford,2009,56400,Petrol,250000
508,Maruti Suzuki Ritz,Maruti,2010,72160,Diesel,180000
509,Hyundai Verna Fluidic,Hyundai,2012,10000,Diesel,350000
510,Maruti Suzuki Wagon,Maruti,2006,48000,Petrol,90001
511,Maruti Suzuki Estilo,Maruti,2007,36000,Petrol,115000
512,Audi A6 2.0,Audi,2012,11500,Diesel,1599000
513,Maruti Suzuki Wagon,Maruti,2003,133000,Petrol,130000
514,Maruti Suzuki Wagon,Maruti,2009,27000,Petrol,159000
515,Maruti Suzuki Wagon,Maruti,2009,35000,Petrol,160000
516,Maruti Suzuki Alto,Maruti,2010,55000,Petrol,110000
517,Maruti Suzuki Baleno,Maruti,2016,40000,Petrol,425000
518,Hyundai Verna 1.6,Hyundai,2019,2000,Petrol,900000
519,Maruti Suzuki Swift,Maruti,2009,45000,Petrol,150000
520,Hyundai Getz Prime,Hyundai,2009,20000,Petrol,110000
521,Hyundai Santro,Hyundai,2000,88000,Petrol,51999
522,Hyundai Getz Prime,Hyundai,2009,20000,Petrol,115000
523,Chevrolet Beat PS,Chevrolet,2012,65422,Diesel,215000
524,Ford EcoSport Trend,Ford,2017,10000,Petrol,580000
525,Maruti Suzuki Dzire,Maruti,2013,35000,Petrol,380000
526,Hyundai Fluidic Verna,Hyundai,2013,117000,Diesel,350000
527,Tata Indica V2,Tata,2005,150000,Diesel,35000
528,BMW X1 xDrive20d,BMW,2011,72000,Diesel,1150000
529,Hyundai i20 Asta,Hyundai,2010,10750,Petrol,300000
530,Honda City 1.5,Honda,2009,55000,Petrol,269000
531,Tata Nano,Tata,2013,6800,Petrol,60000
532,Chevrolet Cruze LTZ,Chevrolet,2014,41000,Diesel,400000
533,Hyundai Verna Fluidic,Hyundai,2015,73000,Diesel,430000
534,Maruti Suzuki Swift,Maruti,2011,65000,Diesel,140000
535,Mahindra XUV500 W6,Mahindra,2014,45000,Diesel,8500003
536,Mahindra XUV500 W10,Mahindra,2018,40000,Diesel,1299000
537,Maruti Suzuki Alto,Maruti,2014,37000,Petrol,199000
538,Hyundai Accent GLE,Hyundai,2006,55000,Petrol,90000
539,Force Motors One,Force,2013,140000,Diesel,550000
540,Maruti Suzuki Alto,Maruti,2019,9800,Petrol,265000
541,Chevrolet Spark 1.0,Chevrolet,2011,27000,Petrol,100000
542,Hyundai i10,Hyundai,2009,27000,Petrol,215000
543,Toyota Etios Liva,Toyota,2012,20000,Diesel,380000
544,Renault Duster 85PS,Renault,2013,57923,Diesel,401919
545,Chevrolet Enjoy,Chevrolet,2014,30201,Diesel,490000
546,Maruti Suzuki Alto,Maruti,2017,6200,Petrol,280000
547,BMW 5 Series,BMW,2009,37518,Petrol,650000
548,Toyota Etios Liva,Toyota,2014,24652,Petrol,160000
549,Mahindra Jeep MM,Mahindra,2004,383,Diesel,424000
550,Chevrolet Beat LS,Chevrolet,2016,95000,Diesel,225000
551,Chevrolet Cruze LTZ,Chevrolet,2011,35000,Diesel,350000
552,Jeep Wrangler Unlimited,Jeep,2015,3528,Diesel,950000
553,Maruti Suzuki Ertiga,Maruti,2013,52500,Diesel,485000
554,Hyundai Verna VGT,Hyundai,2010,47900,Diesel,205000
555,Maruti Suzuki Omni,Maruti,2012,14000,Petrol,160000
556,Maruti Suzuki Celerio,Maruti,2018,37000,Petrol,310000
557,Tata Zest Quadrajet,Tata,2017,90000,Diesel,180000
558,Mahindra XUV500 W6,Mahindra,2013,52800,Diesel,549900
559,Tata Indigo CS,Tata,2016,104000,Diesel,150000
560,Hyundai i10 Era,Hyundai,2011,30000,Petrol,175000
561,Tata Indigo eCS,Tata,2014,195000,Diesel,95000
562,Tata Indigo LX,Tata,2016,104000,Diesel,230000
563,Tata Indigo eCS,Tata,2016,104000,Diesel,230000
564,Tata Indigo Marina,Tata,2004,70000,Diesel,180000
565,Hyundai Xcent SX,Hyundai,2015,43000,Diesel,400000
566,Hyundai Eon Magna,Hyundai,2013,23000,Petrol,185000
567,Renault Duster 85,Renault,2015,51000,Diesel,385000
568,Maruti Suzuki Alto,Maruti,2009,62000,Petrol,90000
569,Tata Nano LX,Tata,2010,48008,Petrol,32000
570,Renault Duster 110,Renault,2013,39000,Diesel,435000
571,Maruti Suzuki Wagon,Maruti,2010,40000,Petrol,225000
572,Maruti Suzuki Swift,Maruti,2006,48247,Petrol,189700
573,Maruti Suzuki Ertiga,Maruti,2012,39000,Diesel,389700
574,Maruti Suzuki Swift,Maruti,2014,23000,Petrol,365000
575,Maruti Suzuki Alto,Maruti,2017,9400,Petrol,360000
576,Hyundai i20 Magna,Hyundai,2010,50000,Petrol,210000
577,Hyundai i10 Magna,Hyundai,2009,75000,Petrol,170000
578,Tata Zest XE,Tata,2017,70000,Diesel,380000
579,Mahindra Xylo E8,Mahindra,2009,64000,Diesel,295000
580,Toyota Corolla Altis,Toyota,2010,55000,Petrol,185000
581,Tata Manza Aqua,Tata,2014,200000,Diesel,160000
582,Renault Kwid 1.0,Renault,2018,2137,Petrol,290000
583,Tata Venture EX,Tata,2013,30000,Diesel,100000
584,Maruti Suzuki Swift,Maruti,2014,44000,Petrol,315000
585,Skoda Octavia Classic,Skoda,2006,65000,Diesel,114990
586,Maruti Suzuki Omni,Maruti,2012,160000,LPG,120000
587,Chevrolet Beat Diesel,Chevrolet,2011,56000,Diesel,125000
588,Tata Sumo Gold,Tata,2012,75000,Diesel,210000
589,Hyundai Verna 1.6,Hyundai,2018,42000,Diesel,855000
590,Tata Sumo Gold,Tata,2012,75000,Diesel,210000
591,Mahindra Scorpio 2.6,Mahindra,2007,56000,Diesel,260000
592,Maruti Suzuki Zen,Maruti,2002,10544,Petrol,95000
593,Maruti Suzuki Swift,Maruti,2011,64000,Petrol,255000
594,Mahindra Scorpio SLX,Mahindra,2008,70000,Diesel,300000
595,Hyundai Grand i10,Hyundai,2014,25000,Petrol,340000
596,Hyundai Elite i20,Hyundai,2017,15000,Petrol,550000
597,Ford Ikon 1.6,Ford,2003,50000,Petrol,60000
598,Toyota Innova 2.5,Toyota,2011,147000,Diesel,750000
599,Nissan Sunny XL,Nissan,2011,52000,Petrol,230000
600,Chevrolet Beat LT,Chevrolet,2012,90001,Diesel,130000
601,Maruti Suzuki Alto,Maruti,2017,21000,Petrol,270000
602,Maruti Suzuki Swift,Maruti,2012,48006,Diesel,280000
603,Maruti Suzuki Swift,Maruti,2012,48006,Diesel,280000
604,Maruti Suzuki Swift,Maruti,2012,48006,Diesel,280000
605,Toyota Innova 2.0,Toyota,2012,80000,Diesel,600000
606,Maruti Suzuki Swift,Maruti,2010,74000,Diesel,190000
607,Hyundai Elite i20,Hyundai,2015,22000,Petrol,500000
608,Mahindra XUV500 W10,Mahindra,2016,41000,Diesel,1065000
609,Volkswagen Polo Trendline,Volkswagen,2015,25000,Diesel,350000
610,Toyota Etios Liva,Toyota,2012,85000,Diesel,350000
611,Mahindra TUV300 T4,Mahindra,2016,29500,Diesel,540000
612,Hyundai Elite i20,Hyundai,2015,30000,Petrol,470000
613,Hyundai Santro Xing,Hyundai,2014,57000,Petrol,179000
614,Maruti Suzuki Zen,Maruti,2003,60000,Petrol,48000
615,Maruti Suzuki Ciaz,Maruti,2016,50000,Petrol,650000
616,Hyundai Eon Era,Hyundai,2013,39700,Petrol,190000
617,Hyundai Elantra 1.8,Hyundai,2012,65000,Petrol,500000
618,Maruti Suzuki Swift,Maruti,2010,67000,Diesel,270000
619,Maruti Suzuki Zen,Maruti,2008,46000,Petrol,125000
620,Hyundai Eon Era,Hyundai,2012,38000,Petrol,188000
621,Hyundai Grand i10,Hyundai,2016,27000,Petrol,380000
622,Hyundai Verna Fluidic,Hyundai,2011,43000,Diesel,365000
623,Ford EcoSport Trend,Ford,2014,47000,Petrol,465000
624,Hyundai i20 Magna,Hyundai,2011,42000,Petrol,240000
625,Chevrolet Beat Diesel,Chevrolet,2016,19336,Diesel,179999
626,Tata Indica eV2,Tata,2015,60105,Diesel,140000
627,Jaguar XF 2.2,Jaguar,2013,29000,Diesel,2190000
628,Audi Q5 2.0,Audi,2014,34000,Diesel,2390000
629,BMW 3 Series,BMW,2011,35000,Diesel,1075000
630,Maruti Suzuki Swift,Maruti,2015,22000,Petrol,475000
631,BMW X1 sDrive20d,BMW,2012,41000,Diesel,1025000
632,Maruti Suzuki S,Maruti,2016,21000,Diesel,615000
633,Maruti Suzuki Ertiga,Maruti,2013,48000,Diesel,475000
634,Maruti Suzuki Alto,Maruti,2016,38000,Petrol,270000
635,Honda City SV,Honda,2014,34000,Diesel,475000
636,Volkswagen Vento Comfortline,Volkswagen,2011,45933,Petrol,240000
637,Honda City 1.5,Honda,2005,68000,Petrol,120000
638,Audi A4 2.0,Audi,2016,44000,Diesel,1900000
639,Mahindra KUV100,Mahindra,2017,35000,Diesel,360000
640,Tata Zest XE,Tata,2018,102563,Diesel,450000
641,Mahindra XUV500 W8,Mahindra,2015,28600,Diesel,900000
642,Maruti Suzuki Swift,Maruti,2017,41800,Diesel,650000
643,Tata Sumo Gold,Tata,2014,116000,Diesel,275000
644,Maruti Suzuki Swift,Maruti,2009,59000,Petrol,210000
645,Mahindra Scorpio 2.6,Mahindra,2004,58000,Diesel,175000
646,Maruti Suzuki Omni,Maruti,2009,45000,Petrol,85000
647,Mitsubishi Pajero Sport,Mitsubishi,2015,42590,Diesel,1490000
648,Renault Duster,Renault,2014,7400,Diesel,800000
649,Volkswagen Jetta Comfortline,Volkswagen,2009,54500,Diesel,450000
650,Maruti Suzuki Ertiga,Maruti,2012,200000,Diesel,1000000
651,Audi A4 2.0,Audi,2013,27000,Diesel,1510000
652,Volvo S80 Summum,Volvo,2015,42000,Diesel,1850000
653,Toyota Corolla Altis,Toyota,2014,29000,Petrol,790000
654,Mitsubishi Pajero Sport,Mitsubishi,2015,37000,Diesel,1725000
655,Chevrolet Beat LT,Chevrolet,2012,36000,Petrol,135000
656,BMW X1,BMW,2011,34000,Diesel,1000000
657,Datsun Redi GO,Datsun,2018,7000,Petrol,299999
658,Mercedes Benz C,Mercedes,2009,76000,Diesel,1225000
659,Mahindra Scorpio SLX,Mahindra,2004,60000,Diesel,175000
660,Volkswagen Vento Comfortline,Volkswagen,2011,95000,Diesel,200000
661,Tata Indigo CS,Tata,2017,50000,Diesel,270000
662,Ford Figo Petrol,Ford,2019,0,Petrol,525000
663,Honda City ZX,Honda,2006,50000,Petrol,180000
664,Maruti Suzuki Wagon,Maruti,2008,68000,Petrol,140000
665,Ford EcoSport Trend,Ford,2014,16000,Petrol,400000
666,Maruti Suzuki Swift,Maruti,2016,51000,Diesel,499000
667,Maruti Suzuki Omni,Maruti,2009,56000,Petrol,85000
668,Maruti Suzuki Zen,Maruti,2004,100000,Petrol,70000
669,Renault Duster RxL,Renault,2015,36000,Petrol,550000
670,Maruti Suzuki Swift,Maruti,2014,11523,Petrol,370000
671,Maruti Suzuki Baleno,Maruti,2018,1000,Petrol,690000
672,Honda WR V,Honda,2009,60000,Petrol,250000
673,Tata Indigo CS,Tata,2016,85000,Diesel,110000
674,Renault Duster 110,Renault,2013,38600,Diesel,490000
675,Mahindra Scorpio LX,Mahindra,2009,95500,Diesel,320000
676,Maruti Suzuki Zen,Maruti,2004,56000,Petrol,68000
677,Maruti Suzuki Wagon,Maruti,2014,37458,Petrol,130000
678,Maruti Suzuki SX4,Maruti,2016,85960,Diesel,970000
679,Audi A3 Cabriolet,Audi,2015,12516,Petrol,3100000
680,Hyundai Eon D,Hyundai,2018,35000,Petrol,280000
681,Maruti Suzuki Zen,Maruti,2009,0,Petrol,125000
682,Mahindra Scorpio SLX,Mahindra,2008,80000,Diesel,285000
683,Hyundai Santro AE,Hyundai,2011,45000,Petrol,165000
684,Maruti Suzuki Swift,Maruti,2009,51000,Diesel,250000
685,Mahindra Scorpio S4,Mahindra,2015,30000,Diesel,865000
686,Mahindra Xylo D2,Mahindra,2011,48000,Diesel,390000
687,Hyundai Santro,Hyundai,2003,51000,Petrol,60000
688,Chevrolet Beat LT,Chevrolet,2015,90000,Diesel,215000
689,Maruti Suzuki Swift,Maruti,2015,43000,Diesel,475000
690,Mahindra XUV500 W8,Mahindra,2015,53000,Diesel,899000
691,Toyota Fortuner 3.0,Toyota,2013,97000,Diesel,1499000
692,Maruti Suzuki Alto,Maruti,2013,20000,Petrol,240000
693,Hyundai Getz GLE,Hyundai,2007,55000,Petrol,99000
694,Maruti Suzuki Swift,Maruti,2014,120000,Diesel,260000
695,Hyundai Creta 1.6,Hyundai,2019,0,Petrol,1200000
696,Hyundai Santro Xing,Hyundai,2007,46000,Petrol,115000
697,Hyundai Santro Xing,Hyundai,2009,43200,Petrol,88000
698,Mahindra Xylo D2,Mahindra,2011,56000,Diesel,390000
699,Hyundai Santro Xing,Hyundai,2007,42000,Petrol,135000
700,Tata Indica V2,Tata,2009,30600,Diesel,90000
701,Hyundai i10 Sportz,Hyundai,2011,38000,Petrol,220000
702,Hyundai Grand i10,Hyundai,2017,2550,Petrol,424999
703,Hyundai Santro Xing,Hyundai,2007,47000,Petrol,135000
704,Honda City 1.5,Honda,2005,41000,Petrol,95000
705,Nissan Micra XL,Nissan,2017,62500,Diesel,430000
706,Honda City 1.5,Honda,2005,68000,Petrol,115000
707,Maruti Suzuki Alto,Maruti,2015,50000,Petrol,215000
708,Maruti Suzuki Wagon,Maruti,2004,69000,Petrol,53000
709,Maruti Suzuki Ertiga,Maruti,2012,48000,Diesel,500000
710,Tata Indica eV2,Tata,2012,55000,Diesel,85000
711,Maruti Suzuki Omni,Maruti,2013,25000,Petrol,165000
712,Hyundai Eon Era,Hyundai,2014,28400,Petrol,200000
713,Hyundai Eon,Hyundai,2014,28000,Petrol,200000
714,Maruti Suzuki Swift,Maruti,2015,42000,Diesel,425000
715,Hyundai Verna 1.6,Hyundai,2012,29000,Diesel,600000
716,Chevrolet Tavera LS,Chevrolet,2005,68485,Diesel,130000
717,Tata Tiago Revotron,Tata,2018,3500,Petrol,430000
718,Tata Tiago Revotorq,Tata,2019,0,Petrol,568500
719,Maruti Suzuki Zen,Maruti,2006,32000,Petrol,71000
720,Mahindra KUV100 K8,Mahindra,2018,8000,Diesel,560000
721,Ford EcoSport Titanium,Ford,2014,34000,Diesel,590000
722,Hindustan Motors Ambassador,Hindustan,1995,37000,Petrol,750000
723,Ford Fusion 1.4,Ford,2007,85455,Diesel,125000
724,Hyundai Santro Xing,Hyundai,2007,46000,Petrol,135000
725,Hyundai Santro,Hyundai,2002,47000,Petrol,60000
726,Fiat Linea Emotion,Fiat,2009,64000,Petrol,120000
727,Ford Ikon 1.3,Ford,2008,46000,Petrol,95000
728,Maruti Suzuki Omni,Maruti,2017,8000,Petrol,240000
729,Tata Indica V2,Tata,2012,64000,Diesel,115000
730,Mahindra Scorpio S4,Mahindra,2015,63000,Diesel,795000
731,Hyundai Santro Xing,Hyundai,2007,65000,Petrol,55000
732,Mahindra Xylo D2,Mahindra,2009,62000,Diesel,300000
733,Hyundai Grand i10,Hyundai,2014,41000,Petrol,320000
734,Maruti Suzuki Alto,Maruti,2015,14000,Petrol,265000
735,Toyota Corolla,Toyota,2006,40000,Petrol,160000
736,Hyundai Eon Magna,Hyundai,2017,1600,Petrol,300000
737,Tata Sumo Grande,Tata,2010,90000,Diesel,130000
738,Maruti Suzuki Swift,Maruti,2011,58000,Diesel,250000
739,Volkswagen Polo Highline1.2L,Volkswagen,2013,27000,Petrol,380000
740,Maruti Suzuki Alto,Maruti,2003,60000,Petrol,42000
741,Tata Tiago Revotron,Tata,2017,31000,Petrol,400000
742,Maruti Suzuki Swift,Maruti,2009,90000,Diesel,120000
743,Maruti Suzuki Swift,Maruti,2009,90000,Diesel,120000
744,Tata Indigo eCS,Tata,2016,150000,Diesel,130000
745,Chevrolet Beat LS,Chevrolet,2014,31000,Diesel,189000
746,Mahindra Xylo E8,Mahindra,2011,43000,Diesel,365000
747,Hyundai Eon D,Hyundai,2013,20000,Petrol,170000
748,Tata Sumo Gold,Tata,2013,100000,Petrol,215000
749,Tata Nano,Tata,2013,7000,Petrol,60000
750,Hyundai Elite i20,Hyundai,2017,31000,Petrol,599999
751,Hyundai i10 Magna,Hyundai,2009,33000,Petrol,400000
752,Hyundai Creta,Hyundai,2016,60000,Diesel,900000
753,Volkswagen Polo,Volkswagen,2013,48000,Diesel,299999
754,Maruti Suzuki Dzire,Maruti,2014,33000,Petrol,374999
755,Tata Bolt XM,Tata,2015,15000,Petrol,600000
756,Maruti Suzuki Alto,Maruti,2005,47000,Petrol,70000
757,Maruti Suzuki Alto,Maruti,2005,40000,Petrol,100000
758,Maruti Suzuki Ritz,Maruti,2010,38000,Diesel,150000
759,Maruti Suzuki Alto,Maruti,2017,12500,Petrol,225000
760,Maruti Suzuki Dzire,Maruti,2009,42000,Petrol,210000
761,Hyundai i20 Asta,Hyundai,2014,31000,Petrol,425000
762,Maruti Suzuki Swift,Maruti,2008,60000,Diesel,162000
763,Tata Indica V2,Tata,2005,80000,Diesel,60000
764,Mahindra Scorpio VLX,Mahindra,2014,77000,Diesel,650000
765,Toyota Innova 2.5,Toyota,2012,75000,Diesel,750000
766,Mahindra Xylo E8,Mahindra,2010,40000,Diesel,375000
767,Hyundai i20 Magna,Hyundai,2011,47000,Petrol,230000
768,Maruti Suzuki Omni,Maruti,2000,60000,Petrol,35999
769,Mahindra KUV100,Mahindra,2016,26500,Petrol,380000
770,Mahindra KUV100 K8,Mahindra,2019,2875,Petrol,560000
771,Datsun Go Plus,Datsun,2016,13900,Petrol,285000
772,Ford Endeavor 4x4,Ford,2019,9000,Diesel,2900000
773,Tata Indica V2,Tata,2005,80000,Diesel,39999
774,Hyundai Santro Xing,Hyundai,2006,60000,Petrol,85000
775,Maruti Suzuki Wagon,Maruti,2016,20000,Petrol,395000
776,Maruti Suzuki Swift,Maruti,2008,58000,Diesel,175000
777,Maruti Suzuki Alto,Maruti,2019,1500,Petrol,400000
778,Toyota Innova 2.5,Toyota,2011,75000,Diesel,750000
779,Maruti Suzuki Alto,Maruti,2016,2450,Petrol,250000
780,Maruti Suzuki Alto,Maruti,2019,1625,Petrol,425000
781,Volkswagen Polo Highline1.2L,Volkswagen,2017,45000,Petrol,525000
782,Mahindra Logan,Mahindra,2009,65000,Diesel,130000
783,Maruti Suzuki 800,Maruti,2000,33400,Petrol,30000
784,Mahindra Scorpio,Mahindra,2011,60123,Diesel,475000
785,Chevrolet Sail 1.2,Chevrolet,2013,28000,Petrol,300000
786,Hyundai Santro AE,Hyundai,2003,70000,Petrol,60000
787,Maruti Suzuki Wagon,Maruti,2006,7000,Petrol,100000
788,Hyundai Eon,Hyundai,2018,25000,Petrol,260000
789,Tata Manza,Tata,2015,100000,Diesel,100000
790,Toyota Etios G,Toyota,2013,42000,Petrol,265000
791,Hyundai Getz Prime,Hyundai,2009,20000,Petrol,115000
792,Toyota Qualis,Toyota,2003,100000,Diesel,180000
793,Hyundai Santro Xing,Hyundai,2004,137495,Petrol,45000
794,Tata Indica eV2,Tata,2016,91200,Diesel,50500
795,Honda City 1.5,Honda,2009,55000,Petrol,270000
796,Tata Zest XE,Tata,2017,120000,Diesel,290000
797,Mahindra Quanto C4,Mahindra,2013,63000,Diesel,325000
798,Tata Indigo eCS,Tata,2016,104000,Diesel,160000
799,Maruti Suzuki Swift,Maruti,2016,146000,Diesel,350000
800,Hyundai Elite i20,Hyundai,2011,40000,Petrol,290000
801,Hyundai i20 Select,Hyundai,2011,40000,Petrol,290000
802,Chevrolet Tavera Neo,Chevrolet,2007,100800,Diesel,465000
803,Maruti Suzuki Dzire,Maruti,2016,150000,Diesel,325000
804,Hyundai Elite i20,Hyundai,2018,2100,Petrol,510000
805,Honda City VX,Honda,2016,95000,Petrol,860000
806,Maruti Suzuki Dzire,Maruti,2016,2500,Diesel,450000
807,Hyundai Getz,Hyundai,2006,80000,Petrol,125000
808,Mercedes Benz C,Mercedes,2006,15000,Petrol,500001
809,Maruti Suzuki Alto,Maruti,2005,65000,Petrol,95000
810,Maruti Suzuki Swift,Maruti,2009,51000,Diesel,250000
811,Skoda Fabia,Skoda,2009,45000,Petrol,110000
812,Maruti Suzuki Ritz,Maruti,2011,50000,Petrol,270000
813,Tata Indica V2,Tata,2009,30000,Diesel,110000
814,Toyota Corolla Altis,Toyota,2009,132000,Petrol,300000
815,Tata Zest XM,Tata,2018,27000,Diesel,260000
816,Mahindra Quanto C8,Mahindra,2013,40000,Diesel,390000
